month,sp_usd,sp_px_usd,div_usd,fx,sp_kzt,dep_kzt,dep_usd_kzt,cpi,sp_net_usd,sp_net_kzt
2000-01,-0.05024243463299105,-0.05090354879190062,0.0006611141589095704,0.009044862518089669,-0.041652008028730925,0.011250000000000001,0.01619226362759285,0.02562609202096855,-0.05042493509016082,-0.04183615917744521
2000-02,-0.018928643255316957,-0.020108083256356934,0.0011794400010399775,0.0050197203298674165,-0.014003939420815015,0.01375,0.012641119875702156,0.0011357183418501116,-0.019188892588806288,-0.014265495133174544
2000-03,0.09782851593608966,0.09671982835364812,0.0011086875824415365,0.011773100249732549,0.11075336111122036,0.013916666666666666,0.018855511951480608,0.0,0.09757887946539008,0.11050078564532506
2000-04,-0.03008567756591407,-0.030795755780191336,0.0007100782142772655,0.0024682651622003338,-0.02769167183353083,0.008749999999999999,0.009402003996238806,0.0034032898468505657,-0.030275522631388996,-0.027881985486967076
2000-05,-0.020518074050611235,-0.021915050603417807,0.0013969765528065725,0.00140696447414701,-0.019139977777731354,0.014666666666666668,0.007832659162856137,0.007348784624081839,-0.020810953866865555,-0.019433269665482422
2000-06,0.024653803216618586,0.023933549615877237,0.0007202536007413496,0.0017562346329469403,0.02645333571260844,0.016666666666666666,0.008434609530499904,0.006172839506172201,0.024462431843174048,0.026261628246130098
2000-07,-0.01563468916411037,-0.016341275904170893,0.0007065867400605219,0.0007012622720896644,-0.014944390909667371,0.01375,0.007789562879850331,0.0039040713887332767,-0.015824010508452783,-0.015133845017925918
2000-08,0.06211387491366227,0.06069910494167097,0.0014147699719913032,-0.0003503854239662596,0.061741725693300165,0.015500000000000002,0.005897424667133944,0.002222222222224346,0.061818326084530244,0.06144628042016986
2000-09,-0.05279338309892001,-0.053482974719764265,0.0006895916208442543,0.000701016473887206,-0.05212937565629738,0.015,0.007789315340577252,0.004988913525499239,-0.05298015517537998,-0.05231627866305988
2000-10,-0.004224048231164512,-0.00494948542177065,0.0007254371906061374,-0.0007005253940455258,-0.00492161457215845,0.0135,0.005878196147110382,0.012134583563155665,-0.004416197143088767,-0.005113628878890442
2000-11,-0.07883984036538372,-0.08006861010730892,0.0012287697419252064,0.010164738871363488,-0.0694764878839943,0.012916666666666667,0.017404252833274958,0.014713896457762443,-0.07910748916000583,-0.0697468572587231
2000-12,0.004894909789198598,0.004053445623728669,0.0008414641654699295,0.002775850104094424,0.007684347429140814,0.01325,0.009795281054822969,0.012352309344794143,0.004685356831044775,0.007474212783386447
2001-01,0.035474647939257586,0.03463657667616449,0.0008380712630930987,0.0041522491349481605,0.03977419665042414,0.013,0.011348673587082025,0.010610079575594344,0.03526560391646029,0.03956428462476391
2001-02,-0.09117767644550867,-0.09229073539585964,0.0011130589503509647,0.001378359751895264,-0.08992499233309725,0.013666666666666666,0.008388008270158398,0.006824146981627699,-0.09142796862139466,-0.0901756295016447
2001-03,-0.06335156255129415,-0.06420471080339152,0.0008531482520973688,0.0010323468685475845,-0.06238461646996396,0.012249999999999999,0.007372218398715047,0.007299270072993469,-0.06356286812244209,-0.06259614018175652
2001-04,0.07770723325789963,0.07681436165439459,0.000892871603505041,0.0013750429700929434,0.07918912701280911,0.013083333333333334,0.00796742866964606,0.007246376811593125,0.07748996918404054,0.07897156419151274
2001-05,0.0067033448534032924,0.005090187401275648,0.0016131574521276448,0.003089598352214118,0.009813653848830706,0.012166666666666666,0.009693271541366233,0.004110996916754317,0.006378037902250812,0.00948734182985822
2001-06,-0.024341394216136458,-0.02503538942756467,0.0006939952114282111,0.002737850787132068,-0.021670186534318958,0.012249999999999999,0.009172085329682833,0.0005117707267148219,-0.024528826831184024,-0.021858132311899148
2001-07,-0.009840633980667035,-0.010740149595403703,0.0008995156147366679,0.0020477815699659896,-0.007813003879603486,0.011583333333333334,0.008394084186575723,-0.0010230179028143382,-0.010058894656210867,-0.008031711505336103
2001-08,-0.06260561460888525,-0.06410840688075747,0.001502792271872222,0.0023841961852859583,-0.060370682491127314,0.012000000000000002,0.009317353542234175,0.0,-0.06291436678299943,-0.06068017079099719
2001-09,-0.08075145990236865,-0.08172340570563885,0.0009719458032702022,0.003737682636764994,-0.07731560059517417,0.012000000000000002,0.008840015856835137,0.0020481310803892594,-0.08098058510619252,-0.07754558219629404
2001-10,0.019067619089267573,0.018099111333141016,0.0009685077561265576,0.0027081922816520887,0.021827450149766614,0.011416666666666665,0.009225795531482728,0.006642820643843139,0.018839009592515256,0.02159822153453983
2001-11,0.0767084566152787,0.0751759041240454,0.0015325524912332966,0.0030384875084403795,0.07998002181093633,0.011500000000000002,0.009307478055368135,0.009137055837564079,0.07639524040826036,0.07966585390038561
2001-12,0.008760521482973349,0.0075738340889277556,0.0011866873940455935,0.011107371255469456,0.019965199102945697,0.011333333333333334,0.017679569168630005,0.009054325955733411,0.008499185040533177,0.019700959899616732
2002-01,-0.014595612773402378,-0.015573832456979853,0.0009782196835774748,0.007323568575233086,-0.007378936169212813,0.010666666666666666,0.0134514536173993,0.0069790628115640185,-0.014825679059272331,-0.007610687361304214
2002-02,-0.01928104192581792,-0.020766211039727644,0.0014851691139097234,0.00396563119629878,-0.015391872230877346,0.010916666666666667,0.010240416391275708,0.002970297029703861,-0.019587150626237716,-0.015699194845508968
2002-03,0.03760735347665056,0.03673889286207466,0.0008684606145759055,0.0019749835418036987,0.039656610922621516,0.010416666666666666,0.008237327188939991,0.0014807502467910627,0.037393751051130845,0.03944258663582678
2002-04,-0.060630917535338225,-0.061417625919219065,0.0007867083838808409,0.003942181340341744,-0.05692775426675212,0.009333333333333332,0.009798510731493737,0.005421389847216629,-0.06083225712625368,-0.05712988757484594
2002-05,-0.007363921618852465,-0.009081481352177012,0.0017175597333245474,0.0006544502617800152,-0.00671429067750362,0.009583333333333334,0.006658376963350809,0.008823529411763564,-0.007704888912184481,-0.007055481116969964
2002-06,-0.07123280071195381,-0.0724553538081798,0.0012225530962259867,0.001308044473512071,-0.07001793190974581,0.009416666666666667,0.007232450403313662,0.004859086491740161,-0.07149951700972106,-0.07028499708429226
2002-07,-0.07795494840008121,-0.07900427514940755,0.0010493267493263403,0.004898758981058071,-0.07343807192261598,0.00925,0.010593185281950745,0.005802707930367301,-0.0781956807458135,-0.07367998355808891
2002-08,0.006572365086236154,0.004881433306494154,0.0016909317797419998,0.0019499512512188844,0.008535132128978384,0.009416666666666667,0.00796165095872614,-0.0028846153846163736,0.00623539198594152,0.008197501947565078
2002-09,-0.10868594935942699,-0.11002431825242787,0.0013383688930008741,0.002594875121634699,-0.1063731007038563,0.008499999999999999,0.008359795653583912,0.0009643201542921531,-0.10897003802671046,-0.1066579265457549
2002-10,0.08801932150135228,0.08644880033371405,0.001570521167638228,-0.0012940795858946696,0.08661133790833841,0.007833333333333333,0.004614930443221921,0.005780346820809079,0.08770040999287321,0.08629283909673235
2002-11,0.05885837669766247,0.05706962070498589,0.0017887559926765828,-0.0009718172983479434,0.05782935981068715,0.009000000000000001,0.004772594752186388,0.009578544061302319,0.058506729965427655,0.05747805481482948
2002-12,-0.05874359841255483,-0.06033257188502883,0.001588973472473998,0.009079118028534339,-0.05019782044742893,0.01,0.014713143104193582,0.014231499051232,-0.05906527776675926,-0.05052242036645749
2003-01,-0.02619771773687818,-0.02741469268304464,0.0012169749461664603,-0.0025706940874036244,-0.028701065506192114,0.009166666666666667,0.0031645244215936508,0.009822263797944375,-0.026463597312136482,-0.028966261586398367
2003-02,-0.01500647604598504,-0.01700360825687175,0.0019971322108867096,-0.01675257731958757,-0.0315076562153177,0.009333333333333332,-0.011180841924398499,0.004631773969429265,-0.01538937921095138,-0.03188414476540702
2003-03,0.009713072041577675,0.008357567684332823,0.0013555043572448522,-0.0020969855832240203,0.0075957182863135575,0.009416666666666667,0.002559895150720859,0.002766251728908209,0.009426413054657615,0.007309660419156261
2003-04,0.08236863144850193,0.0810441071800323,0.001324524268469629,-0.002101392172314087,0.08009415047881774,0.009083333333333334,0.0029712590841433073,0.0036781609195399856,0.08208661947489815,0.07981273112296772
2003-05,0.05268255632734431,0.050898709609522585,0.0017838467178217243,-0.007633587786259555,0.04464681162255535,0.007916666666666667,-0.002340966921119514,0.0009161704076949828,0.05233164598633772,0.04429857998644193
2003-06,0.01276119488078642,0.011322214676852127,0.0014389802039342925,-0.018567639257294544,-0.006043389639546648,0.009333333333333332,-0.013251547303271605,0.000457665903890625,0.012462014516862943,-0.006337014930399842
2003-07,0.017630598469141168,0.016223701958536507,0.0014068965106046605,-0.008378378378378404,0.009104504265750935,0.00925,-0.0029244594594594053,0.0,0.017336230659217133,0.008812602780720935
2003-08,0.019500459190277875,0.017873203593487874,0.0016272555967900004,0.004837830471518201,0.024432629577475495,0.009083333333333334,0.010196965567366378,0.0018298261665141702,0.01917303751742604,0.024103623894077497
2003-09,-0.010620275441637683,-0.011944364585525724,0.0013240891438880409,0.009900318708889966,-0.0008251008443961316,0.00825,0.014781503582649513,0.0036529680365295913,-0.010902222146554221,-0.0011098389115502538
2003-10,0.05657428235377493,0.05496148663571665,0.0016127957180582797,-0.006043107500167899,0.05018929038359832,0.008749999999999999,-0.0009904932966270374,0.013193812556870244,0.056249029662732854,0.04986600322953305
2003-11,0.008798753918460855,0.0071285040713728876,0.0016702498470879679,-0.00945754239005614,-0.0007420030597588001,0.008333333333333333,-0.0045048301020065296,0.015716210148180476,0.008464883108064328,-0.0010727162728132456
2003-12,0.052442494785530425,0.05076554077889206,0.0016769540066383648,-0.016435927163609088,0.035144626597348516,0.008333333333333333,-0.011845961490372647,0.00884173297966373,0.05210761835120134,0.0348152541677027
2004-01,0.018355601647641606,0.017276386950755285,0.0010792146968863214,-0.03335182360282907,-0.015608414743463417,0.009083333333333334,-0.02859913673554293,0.006573181419808227,0.018110386109775323,-0.01584545189596609
2004-02,0.013898199327521343,0.01220897373761054,0.0016892255899108033,-0.0018650025105801937,0.012007276640302766,0.008333333333333333,0.0030424945604095033,0.00478885502829729,0.01356148215570139,0.011671187446853581
2004-03,-0.015086177694809466,-0.01635891961786684,0.0012727419230573744,-0.0019403521379807165,-0.016997257335646054,0.007750000000000001,0.0029667744640076155,0.0038994800693246123,-0.015360422316601405,-0.01727096982629983
2004-04,-0.015699054476913554,-0.016790751960348183,0.0010916974834346282,-0.0027361751152072955,-0.01839227422992884,0.007833333333333333,0.0020839333717357356,0.0034527406128612714,-0.015946142432762083,-0.018638686109861302
2004-05,0.01372108446762721,0.01208345009735412,0.0016376343702730889,-0.008375451263537892,0.005230712929847892,0.007666666666666666,-0.003086787003609981,0.0017204301075270934,0.013392105978752913,0.004904489784273824
2004-06,0.019449785205772452,0.017988998771432563,0.001460786434339889,-0.006480267948157925,0.012843477437946893,0.008,-0.001512669287898838,0.0030055817947609587,0.019147333907288133,0.012542986104917997
2004-07,-0.033100401913040645,-0.034290519520026264,0.001190117606985619,-0.0011725906925613705,-0.0342341793823987,0.008,0.003821546353975691,0.002140410958904493,-0.03336225288742182,-0.034495723312764515
2004-08,0.0040473776533256345,0.0022873503233691306,0.001760027329956504,0.0023479345513246486,0.006404815182484702,0.007833333333333333,0.007192616234989346,0.003844510892781372,0.0037000402204988257,0.006056662224098286
2004-09,0.010829365571846328,0.009363875526838816,0.0014654900450075115,-0.015006222092087018,-0.004339364385128164,0.007583333333333333,-0.01057375009150141,0.007659574468085628,0.010526208731761869,-0.004637971986341638
2004-10,0.015277905797769442,0.014014243690939843,0.0012636621068295995,-0.019024970273483932,-0.004037726179358159,0.008166666666666668,-0.014283590963139137,0.0105574324324329,0.01500502314841167,-0.004305417244423793
2004-11,0.04046269730832286,0.03859493629597055,0.0018677610123523092,-0.014999999999999902,0.024855756848698007,0.0072499999999999995,-0.010731666666666584,0.009193480986208646,0.04009919982313668,0.024497711825789636
2004-12,0.034028083334087356,0.03245821284320516,0.001569870490882197,-0.00015382248884798777,0.03386902656077018,0.007666666666666666,0.004512126339537348,0.010351966873705987,0.03370926942712169,0.03355026169455311
2005-01,-0.02437831342660124,-0.025290467442294018,0.0009121540156927788,0.0028461538461539426,-0.021601544010969143,0.007750000000000001,0.007526102564102688,0.005737704918033382,-0.024598469862288492,-0.021822327045742607
2005-02,0.021045948032373474,0.018903346132113308,0.002142601900260166,-0.0016875047940476673,0.019322928100125925,0.008,0.0033040576819820533,0.005999999999999117,0.020641224414001114,0.01891888745479986
2005-03,-0.01770582337008797,-0.01911765556028966,0.0014118321902016895,0.018747598924317987,0.0007098338790627601,0.008,0.023841336918939415,0.0060000000000006715,-0.018000931531951557,0.00040919314774123805
2005-04,-0.018967694822626835,-0.020108582083263493,0.0011408872606366582,-0.007391205973301118,-0.026218706656655155,0.008083333333333333,-0.002510879402669808,0.0060000000000011156,-0.019222161245055668,-0.026471292265342616
2005-05,0.031820717349376304,0.02995204663120865,0.0018686707181676532,0.0066864220044069445,0.03871990609846421,0.008083333333333333,0.011719854114428774,0.005999999999998673,0.03145708340831783,0.03835384074742065
2005-06,0.0014194031576137967,-0.00014271417986777557,0.0015621173374815722,0.020907238282134255,0.022356317239782708,0.007750000000000001,0.02567147206078424,0.004000000000000892,0.0011017522236582275,0.022032025102060482
2005-07,0.037187886344447474,0.03596828690361842,0.0012195994408290556,0.004288037853023896,0.04163538726179028,0.007666666666666666,0.009058406032825816,0.0050000000000005596,0.036921613094989786,0.041367972222559724
2005-08,-0.009122981734058233,-0.011222104598600069,0.002099122864541836,-0.0043433451118963795,-0.013426702587834072,0.007583333333333333,0.0007179095504514788,0.0019999999999993356,-0.009521183497072842,-0.01382317482316775
2005-09,0.00809492376261467,0.00694902431673361,0.00114589944588106,-0.010055452865064818,-0.002041927226791418,0.008,-0.0051882255083179896,0.008000000000000451,0.007839705512399178,-0.00229457914192166
2005-10,-0.016670879068254152,-0.01774077993231349,0.0010699008640593366,0.0008215699454776626,-0.015863005415983622,0.007916666666666667,0.005658874200214159,0.009999999999999565,-0.01691469753119639,-0.016107024192847152
2005-11,0.03782239719377234,0.035186096519093324,0.002636300674679015,0.0005223880597013952,0.0383645432221571,0.007916666666666667,0.005441623134328166,0.006000000000000449,0.037343618759237154,0.03788551467948431
2005-12,0.0003496630596047101,-0.0009523493171964548,0.0013020123768011649,-0.00223763705526947,-0.0018887564146837788,0.007583333333333333,0.002668027895875502,0.009000000000000119,7.102786975120205e-05,-0.0021667681201116284
2006-01,0.026478656025176184,0.025466771341108085,0.0010118846840680984,-0.011960828287359115,0.014201121079819856,0.007583333333333333,-0.006855959233510345,0.008999999999999009,0.026243539989232633,0.013968817226409858
2006-02,0.0027141782982520457,0.0004531577283561905,0.002261020569895855,-0.014148445184232195,-0.011472668288853183,0.007666666666666666,-0.009054878817683965,0.015000000000000124,0.002291691879434334,-0.011889177181733324
2006-03,0.012448635597123614,0.011095810408889628,0.001352825188233986,-0.014198004604758396,-0.001926114793165734,0.007416666666666668,-0.00943329496034817,0.007999999999999785,0.012162378485555183,-0.002208307624945949
2006-04,0.013423961875255852,0.01215565291784415,0.0012683089574117012,-0.031374075515764765,-0.01837127803410399,0.007583333333333333,-0.027176696509666476,0.004999999999999449,0.013150382198310764,-0.01863627440160498
2006-05,-0.02877936179769114,-0.030916916538203165,0.0021375547405120265,-0.023629641536730417,-0.05172895733148619,0.008166666666666668,-0.018666425547875454,0.008000000000001561,-0.029183328342101276,-0.052123378291259126
2006-06,0.0013530167014950134,8.659650459597046e-05,0.001266420196899043,-0.022966743496872,-0.021644801182907236,0.00825,-0.018244416090440252,0.0030000000000001137,0.0010797203386268238,-0.02191182081831078
2006-07,0.006173174485320176,0.0050858788034533475,0.001087295681866829,-0.0023590866964361412,0.003799524735080828,0.007833333333333333,0.0028785280984076067,0.0019999999999993356,0.005926746799706818,0.003553678393742432
2006-08,0.023792949228760962,0.02127419311502643,0.0025187561137345327,0.05768093910987249,0.0828462879943419,0.0075,0.06288120372716266,0.0019999999999991136,0.02333180247836745,0.08235854186631819
2006-09,0.02576816468265175,0.024566297967782313,0.0012018667148694373,0.015809645480677093,0.04198519571164927,0.008,0.02105799531566066,0.005000000000000782,0.025504551342088,0.041717414737627134
2006-10,0.032583502904404815,0.03150800358539563,0.0010754993190091877,0.004716239584970916,0.03745341409559044,0.008166666666666668,0.010074726196090733,0.007000000000000339,0.0323388446732201,0.037207601997570894
2006-11,0.01902015555116021,0.016466656343095964,0.002553499208064247,0.0012517602879049683,0.02029572451445394,0.008333333333333333,0.006591769676107306,0.008000000000000007,0.01855379733661724,0.019828782531218003
2006-12,0.014026685842574382,0.012615782814670462,0.0014109030279039203,-0.007657446476011853,0.006261830770487142,0.00825,-0.0028611241339793203,0.008999999999998787,0.013731717055055461,0.005969120690670904
2007-01,0.015122641547361981,0.014059043023177953,0.0010635985241840284,-0.00598425196850394,0.009047891881409198,0.008166666666666668,0.0001455118110236242,0.010999999999999677,0.014879768435401045,0.008806472183346514
2007-02,-0.01956115215710974,-0.021846175991944383,0.002285023834834643,-0.020041191381495627,-0.03921031474458214,0.00825,-0.014651417934093747,0.008000000000000007,-0.01998723906566827,-0.039627862363861066
2007-03,0.011186833026724186,0.009979982939206433,0.0012068500875177524,0.0010508447174846225,0.012249433368600293,0.007916666666666667,0.006556624363430741,0.006999999999999895,0.01092247218026319,0.011984794719940295
2007-04,0.04429756365397308,0.043290690426759815,0.0010068732272132674,-0.030846253229974252,0.012084896558057556,0.008833333333333334,-0.025435144810508348,0.005000000000000782,0.04406319933655776,0.011857761501725017
2007-05,0.03489320030160803,0.032549228707361655,0.0023439715942463746,0.013331111481419855,0.04868947692619208,0.007583333333333333,0.018904432594567755,0.007000000000000783,0.03445827122913774,0.048248749765770205
2007-06,-0.01661234360214492,-0.01781632254788501,0.0012039789457400918,0.005673408978786432,-0.011033183242709632,0.008166666666666668,0.011120806610754874,0.007999999999998897,-0.016876273777339267,-0.01129861080172967
2007-07,-0.031006094301293752,-0.03198187836198829,0.00097578406069454,0.010628730275529463,-0.02070691943899039,0.008749999999999999,0.01610296923118848,0.009000000000001007,-0.031235795243731268,-0.020939061810789084
2007-08,0.014988397191879166,0.012863572018857905,0.002124825173021261,0.021357495348272693,0.03666600716345547,0.008749999999999999,0.02748564032036227,0.006999999999999229,0.014586340082592644,0.03625536312132782
2007-09,0.037400372754206934,0.03579400817860079,0.001606364575606145,-0.04190099009900994,-0.006067729993276316,0.008499999999999999,-0.03527413861386142,0.022000000000000908,0.03707608473453268,-0.00637843002384908
2007-10,0.015907127256301612,0.014822338223554832,0.0010847890327467802,-0.0009920634920633775,0.014899282884023757,0.009166666666666667,0.007000000000000117,0.04399999999999915,0.015661075568056262,0.0146534752946752
2007-11,-0.04180842988140243,-0.04404341737941575,0.002234987498013319,0.0002482621648460803,-0.041570547167867566,0.010083333333333333,0.007666770109235221,0.026999999999999913,-0.04222701133943776,-0.04198923254384179
2007-12,-0.006937014740380998,-0.008628508561297932,0.001691493820916934,-0.004715810374782858,-0.011620111469081151,0.009083333333333334,0.0024170596508645836,0.019000000000000794,-0.007274072146851871,-0.011955579376737635
2008-01,-0.05998104234898716,-0.06116343227776988,0.0011823899287827233,-0.0006650041562760167,-0.060606158862803294,0.009583333333333334,0.007246397894153267,0.010999999999999455,-0.060241734171637897,-0.060866677324308505
2008-02,-0.03248301353714156,-0.03476119273728817,0.002278179200146613,0.005406754283812987,-0.02725188692592162,0.0095,0.013366224421893058,0.007999999999999563,-0.03290807375049688,-0.027679245335406444
2008-03,-0.004319497052708621,-0.005959623397817415,0.0016401263451087944,-0.0014892032762472418,-0.005802267719793197,0.00975,0.005916418466120454,0.005999999999999783,-0.004648849337808274,-0.006131129532390922
2008-04,0.04870187258421854,0.047546697641229096,0.0011551749429894453,-0.002485707183693786,0.04609510680598272,0.0095,0.005577533349904851,0.009000000000000563,0.048445263009436794,0.04583913508746451
2008-05,0.012953623166434225,0.01067418170406853,0.0022794414623656944,0.0014951407924246318,0.014468131449264732,0.009416666666666667,0.009590559847163505,0.009999999999999343,0.012528373613746037,0.014042246088623367
2008-06,-0.08430472359561636,-0.08596238482631446,0.0016576612306981042,0.001492908683752292,-0.08293767416580133,0.009666666666666665,0.009171020983661071,0.012000000000000233,-0.08463670611355441,-0.08327015230332324
2008-07,-0.008407683254493703,-0.009859371185302779,0.0014516879308090758,-0.004637681159420315,-0.013006372259690258,0.00975,0.003242270531400804,0.009000000000000563,-0.008708769777448397,-0.013306062439350064
2008-08,0.014465924888692916,0.012190464669121548,0.002275460219571368,-0.005408103835593536,0.008979587829223368,0.0095,0.0022171007016669186,0.007999999999999563,0.014041272522423877,0.00855723202704528
2008-09,-0.08910565799381842,-0.09079143354379215,0.0016857755499737337,0.0022586581897272584,-0.08704825902826996,0.0061666666666666675,0.009357990351904544,0.006000000000000227,-0.08944185765964782,-0.08738521805422794
2008-10,-0.16795056120710483,-0.16942452401777075,0.0014739628106659186,0.0,-0.16795056120710483,0.00975,0.008000000000000007,0.006000000000000005,-0.16825498896203805,-0.16825498896203805
2008-11,-0.07175186154441271,-0.0748490423387097,0.0030971807942969942,0.004507136299140235,-0.0675681206649702,0.009583333333333334,0.012040939821383878,0.0039999999999995595,-0.0722997719968906,-0.06811850062453717
2008-12,0.010642094336859032,0.007821576633499472,0.0028205177033595596,0.003489821354383027,0.014169054699314287,0.009666666666666665,0.011266867469879482,0.002000000000000446,0.010135683348021765,0.01366087642659397
2009-01,-0.08428882183470598,-0.08565734305805428,0.0013685212233482957,0.0057961414258507205,-0.0789812303408276,0.009416666666666667,0.013591061521901038,0.0030000000000001137,-0.08457743335154157,-0.07927151469083182
2009-02,-0.1064779993427244,-0.10993119762019943,0.0034531982774750336,0.2384127768173212,0.10654906198134495,0.0095,0.2478040737081859,0.008000000000000007,-0.10707931241767898,0.10580438818645388
2009-03,0.08759800952399832,0.08540446199532292,0.002193547528675399,0.006448181878614623,0.0946110393002284,0.009916666666666667,0.01240300028806307,0.008000000000000007,0.08718564406136367,0.09419601483008999
2009-04,0.09570913847802687,0.09392507914826331,0.0017840593297635543,-0.004491413474240424,0.09078785568961822,0.008333333333333333,0.002228269484808587,0.007999999999999785,0.095358196245229,0.09043848968349355
2009-05,0.055931611052769004,0.05308144638516654,0.0028501646676024617,-0.0018577494692144647,0.05396995466280896,0.0095,0.003964746992215051,0.006999999999999673,0.055420753019295305,0.05346004567557583
2009-06,0.0019853143855079747,0.00019582726560973818,0.0017894871198982365,-0.00019941504918907782,0.001785503434753144,0.00975,0.006632555614641378,0.004000000000000448,0.001633557984189906,0.001433817178955188
2009-07,0.07563352877310114,0.07414172714778422,0.0014918016253169242,0.001994548234824922,0.07777893172923411,0.008833333333333334,0.007505518250116472,0.0030000000000003357,0.07532642519597027,0.07747121561920545
2009-08,0.03610345331981035,0.03356018886854417,0.0025432644512661806,0.0005971733793377343,0.03672218672037286,0.007416666666666668,0.0064339902240506675,0.0019999999999991136,0.03563863031878709,0.03625708613942713
2009-09,0.03731770053124239,0.03572334572311964,0.0015943548081227554,0.0009946949602119837,0.03834951522009944,0.002333333333333333,0.00549917108753295,0.004000000000000226,0.03699521397669065,0.03802670788979734
2009-10,-0.018576192928662527,-0.019762000526814205,0.001185807598151678,-0.0013911891354752015,-0.019941539066356873,0.003916666666666666,0.0035186375179421248,0.0040000000000000036,-0.018837397401718612,-0.020202380154587973
2009-11,0.05998224648502437,0.05736406145372763,0.002618185031296738,-0.013400557250895617,0.045777893706068884,0.006083333333333333,-0.008467560037150212,0.0050000000000005596,0.05950618539699653,0.04530821210190594
2009-12,0.01931565516431122,0.017770570919338313,0.0015450842449729052,-0.002420656266809984,0.016848242335780306,0.00925,0.0031491617357002344,0.005999999999998895,0.019000559194231947,0.016533909104735622
2010-01,-0.03597277582908165,-0.03697424569226215,0.0010014698631805041,-0.001011054192504801,-0.036947459595768395,0.008333333333333333,0.0045666340882537515,0.0140000000000009,-0.036206329641892056,-0.037180777273017274
2010-02,0.030975496421446147,0.028513689046546054,0.0024618073749000935,-0.006004992915457863,0.024784495869424772,0.008583333333333333,0.0007044733823629024,0.00899999999999923,0.030522891981877798,0.024334609316309486
2010-03,0.06034702413052129,0.058796425545497355,0.0015505985850239323,-0.001425468368178029,0.05883553298833144,0.009083333333333334,0.004066691555796975,0.007000000000000117,0.060031101009434366,0.05852006020566036
2010-04,0.015786410738919843,0.014759230482012997,0.0010271802569068456,-0.0022432193596628736,0.013507778997067899,0.008583333333333333,0.0031612965354721467,0.007000000000000117,0.015549000367050482,0.013270901188740858
2010-05,-0.07985057037717469,-0.08197584207319053,0.00212527169601584,-0.001907616841531512,-0.08160586292584882,0.007916666666666667,0.0025006245174183928,0.006000000000000449,-0.0802526944649104,-0.08200721991490245
2010-06,-0.05234864530129313,-0.05388244223983851,0.0015337969385453842,0.006552901023890945,-0.04613877976879632,0.008333333333333333,0.013431012514220741,0.0019999999999993356,-0.05266204817540827,-0.04645423634092616
2010-07,0.07006060138505243,0.06877784957463517,0.0012827518104172597,0.0015597450155973025,0.07172962307444974,0.007333333333333334,0.006150227180252266,0.0020000000000000018,0.0697848552801565,0.07145344687594135
2010-08,-0.0451400100707674,-0.04744918363260475,0.002309173561837352,-0.0037240165210915555,-0.048695924448593164,0.007166666666666666,0.0025027083756516966,0.0,-0.04556971943837634,-0.04912403357141781
2010-09,0.08924133290705716,0.08755110305113556,0.001690229855921599,0.0022427619953786504,0.09168424197229674,0.008166666666666668,0.007504536495854364,0.005999999999996231,0.08890446509533557,0.09134661864624971
2010-10,0.0380523410809408,0.03685599403554063,0.0011963470454001701,0.0002712416084627023,0.03833390406760406,0.008,0.0060228012477112625,0.009000000000005892,0.03778955569079744,0.03807104739912881
2010-11,0.00012616131707976486,-0.002290249746576656,0.0024164110636564207,-0.00013558402820135207,-9.439816581191529e-06,0.008083333333333333,0.004863738051657629,0.008000000000002006,-0.00031963367580203157,-0.0004551743667819963
2010-12,0.06683187115331202,0.06530004034715509,0.0015318308061569308,-0.0006102108617533908,0.06618087875786949,0.008166666666666668,0.003387348294799697,0.006999999999995454,0.06651876319905514,0.06586796186548738
2011-01,0.023700562531841385,0.022645574359139164,0.0010549881727022203,-0.003867028493894087,0.0197418832873153,0.007333333333333334,0.0017777250113071297,0.016999999999999016,0.023458980972602718,0.019501235930849736
2011-02,0.034258986245601086,0.03195656372809341,0.002302422517507674,-0.0056527957501874004,0.02841253144355882,0.007333333333333334,6.470067424890757e-05,0.015000000000001679,0.0338302895346416,0.027986258067545178
2011-03,0.00039753079391324775,-0.0010473129391664893,0.001444843733079737,-0.00205479452054802,-0.0016580805707318014,0.007583333333333333,0.0036833904109587756,0.00500000000000278,9.747090061795387e-05,-0.0019575239026027313
2011-04,0.02961457779382526,0.028495380666536008,0.001119197127289251,-0.0010981468771448233,0.028483909760558257,0.007,0.004645538778311531,0.004999999999998339,0.029363364891398538,0.02823297272679559
2011-05,-0.011319520481623324,-0.01350095289522324,0.0021814324135999152,-0.0013741926618111577,-0.012678157941453438,0.006583333333333333,0.00428468691310524,0.004999999999998561,-0.011730068676996644,-0.013088141964509359
2011-06,-0.016669153060132724,-0.018257461652479323,0.001588308592346599,0.006261180679785205,-0.010512340959435984,0.007750000000000001,0.011795617173524064,0.0030000000000041105,-0.016990732682318047,-0.010835934049738816
2011-07,-0.020333072710161826,-0.02147442530666621,0.0011413525965043858,-0.0007521367521368116,-0.021069916211029494,0.006333333333333333,0.003994290598290595,0.004999999999995897,-0.02058760893297082,-0.0213242609877905
2011-08,-0.05432408864160487,-0.05679110795232889,0.002467019310724017,0.0018475434514848565,-0.05257691130434772,0.006333333333333333,0.0067732938734546,0.003000000000001668,-0.05477747487154681,-0.05303113518504976
2011-09,-0.07029631842319006,-0.07176198808089651,0.0014656696577064476,0.009971996448330023,-0.061025316612506764,0.006916666666666667,0.015358513762721238,0.0029999999999945626,-0.07059950220517937,-0.061331523742093275
2011-10,0.1092920593446356,0.10772303843744147,0.0015690209071941297,-0.002231689997971298,0.10681646335096717,0.007166666666666666,0.003006593629539367,0.0020000000000033324,0.10897337287522314,0.10649848809096096
2011-11,-0.0022084033314586637,-0.005058715107011391,0.0028503117755527274,0.001220008133387518,-0.0009910894680973392,0.006916666666666667,0.006726718178121205,0.005999999999997341,-0.002719283431124906,-0.0015025928456403603
2011-12,0.010228846127483093,0.008532763666636134,0.0016960824608469593,0.0046033035472516914,0.014879236158397813,0.007166666666666666,0.010379772542648213,0.0030000000000038884,0.009891100425022717,0.014539935709946938
2012-01,0.044813659770906344,0.043583062704985354,0.0012305970659209908,0.0013477088948785632,0.04622176443367021,0.007,0.0066882300089845526,0.002999999999996783,0.044545736877684865,0.045953480458382545
2012-02,0.043241775951570416,0.04058946376811723,0.002652312183453187,-0.006393001345894933,0.03657232987381831,0.006833333333333333,-0.001259365186181971,0.004000000000001558,0.04276059579071911,0.03609422589838274
2012-03,0.03290793592168351,0.03133231453144192,0.0015756213902415883,0.0008127328140874468,0.03374741409513837,0.007,0.006150400722429339,0.003000000000005665,0.03258825937981394,0.03342747774165322
2012-04,-0.006273990500625604,-0.007497452372495994,0.0012234618718703905,0.0008120728158622637,-0.0054670126218958615,0.006666666666666667,0.004648519094989867,0.006999999999998563,-0.006540843114739496,-0.005734081939763547
2012-05,-0.06010131843340516,-0.06265072571454366,0.002549407281138505,0.00013523564811701583,-0.05997421062603914,0.006916666666666667,0.003885742781797319,0.006999999999992124,-0.06056706285890927,-0.06044001803679244
2012-06,0.041202527942957756,0.03955498222833631,0.0016475457146214456,0.010208910824149653,0.05183207170060666,0.007166666666666666,0.014502298695152405,0.0030000000000083293,0.04087206275243121,0.051498232820419654
2012-07,0.013888745439514905,0.012597574204787909,0.0012911712347269955,0.003413197697764714,0.017349348171238566,0.006916666666666667,0.008346645919778739,0.0029999999999930083,0.013611736420972522,0.017071393666151735
2012-08,0.02252337785268077,0.019763369506085704,0.0027600083465950664,-0.003468285199759946,0.01897697515486585,0.006666666666666667,0.0015143733742410959,0.003000000000006109,0.022026043267358176,0.01848136546772494
2012-09,0.02584258200468681,0.024236153617775313,0.001606428386911496,0.0030118465966133545,0.02893226249395875,0.0065,0.00752539990629808,0.005999999999993566,0.02551828441331675,0.028606988167991787
2012-10,-0.018465081819009077,-0.01978940971629395,0.0013243278972848715,0.00533831576137711,-0.013225338494941452,0.006916666666666667,0.009527225410382867,0.007000000000005446,-0.018747064336935144,-0.013508826324587497
2012-11,0.005799392317403118,0.0028467166850427716,0.0029526756323603465,-0.0009292446568431867,0.00486475860623603,0.006833333333333333,0.00356657374220104,0.007000000000001894,0.005273157639215732,0.00433901292881167
2012-12,0.009114227632879057,0.007068230956284616,0.0020459966765944415,0.001461599787403678,0.010589148773453294,0.006916666666666667,0.006552362919656218,0.005999999999992456,0.008723994798056559,0.010198345574402357
2013-01,0.05179599979957472,0.050428096466868855,0.0013679033327058665,0.0005307151386493292,0.05235420385943912,0.006916666666666667,0.004782970677988718,0.009000000000008113,0.05150748096633551,0.052065531904887496
2013-02,0.013575489324408219,0.011060648765041536,0.0025148405593666823,-0.0024532555364010777,0.011088929643662704,0.006583333333333333,0.0021188337090571885,0.007999999999995788,0.013114929907169883,0.01062950009636432
2013-03,0.037503044991254564,0.03598772398287298,0.0015153210083815871,0.0025922233300099684,0.04019248458943725,0.006583333333333333,0.007103888334994979,0.001999999999996893,0.037192413506663996,0.03988104787866531
2013-04,0.01926675406801892,0.018085767779890016,0.0011809862881289046,0.0026518164942985756,0.02196966245854659,0.005666666666666667,0.006745978078317005,0.003000000000006331,0.01900627279146625,0.021708490433448357
2013-05,0.023390087514379987,0.020762811683057825,0.0026272758313221622,-0.0010579211848716907,0.02230742146041087,0.005750000000000001,0.0031875826500926685,0.0019999999999935625,0.02291266280634833,0.021830501830091942
2013-06,-0.01342813167604373,-0.014999301595580827,0.0015711699195370965,0.0037728355837967076,-0.009705958225258327,0.005666666666666667,0.007955222398729145,0.0030000000000041105,-0.013747140497307629,-0.010026170614354624
2013-07,0.0508864835042393,0.04946207991308538,0.0014244035911539221,0.009759314210352699,0.061142414896169894,0.005666666666666667,0.01438737773381682,0.001999999999996893,0.05058948963223288,0.060842522567648105
2013-08,-0.02896132169031196,-0.031298019479343964,0.002336697789032005,-0.0020897276823613753,-0.0309905280970193,0.005416666666666667,0.0021513909749886206,0.00200000000000089,-0.029395159692000093,-0.03142345949542569
2013-09,0.031358276472711166,0.029749523259195332,0.0016087532135158344,0.0053007002159544125,0.036825197511536345,0.005583333333333333,0.009405678075169677,0.0019999999999993356,0.031033630157350455,0.03649883034338175
2013-10,0.045967295093059635,0.04459575276194472,0.0013715423311149166,0.004621794037234839,0.050801540500663434,0.00525,0.008640281213383671,0.003000000000002334,0.04567823041005906,0.050511139820234696
2013-11,0.030473912518165225,0.028049471367328715,0.0024244411508365094,-0.004211754033564441,0.02613380986063385,0.006916666666666667,-0.00031158340352932523,0.004999999999997007,0.030026913012206415,0.025688693006647334
2013-12,0.025317627354634054,0.023562791975445974,0.00175483537918808,-0.00045549193128568977,0.02485060344836909,0.006916666666666667,0.0034593907253166467,0.00700000000000478,0.024971068714422506,0.024504202662821717
2014-01,-0.03457608862369477,-0.035582905955811595,0.0010068173321168272,0.012564286179284956,-0.022446226316838236,0.00675,0.01636140225245719,0.005999999999999339,-0.03481044455684562,-0.02268352676500096
2014-02,0.04574577355919507,0.0431170301781616,0.0026287433810334715,0.18336119326218348,0.23749496644789425,0.006583333333333333,0.1878974111696885,0.016999999999995907,0.04526812871870672,0.2369297400794983
2014-03,0.008403625503505596,0.006932165418227054,0.001471460085278542,-0.010974682168857997,-0.002663283784319459,0.006833333333333333,-0.00784276866239264,0.01000000000000556,0.008099573157380482,-0.0029639992525831715
2014-04,0.007391461171702307,0.006200789153414155,0.0011906720182881525,5.493298176229011e-05,0.00744680018846644,0.0062499999999999995,0.003638463158280203,0.00599999999999512,0.007129527035625751,0.007184851663566638
2014-05,0.02347625881264337,0.02103028007328045,0.0024459787393629195,0.00796484482285087,0.03162808839395792,0.007416666666666668,0.01149272177973093,0.006000000000003114,0.023026028668405595,0.031174272236486944
2014-06,0.020656293518999336,0.019058331749470137,0.0015979617695291992,5.4495912806595825e-05,0.02071191511537651,0.007416666666666668,0.0038880381471391168,0.0030000000000001137,0.020333265920236623,0.020388869912929986
2014-07,-0.013791528350802995,-0.015079830845342368,0.0012883024945393728,0.0001089858863276838,-0.013684045546416446,0.006666666666666667,0.003442682505948813,0.0010000000000012221,-0.014068107058317235,-0.013960654397106254
2014-08,0.04000357932704479,0.037655295579825276,0.002348283747219515,-0.008336511741949604,0.03133357727631525,0.007,-0.0050309667810893854,0.003999999999997339,0.039568003431628536,0.030901632564465764
2014-09,-0.014020162057698515,-0.015513837249453988,0.0014936751917554725,-0.0005494505494505475,-0.014561909221403102,0.007083333333333334,0.002615476190476196,0.00500000000000389,-0.014327546669795169,-0.014869124940855794
2014-10,0.024424800677674163,0.023201460667203078,0.0012233400104710856,-0.005662451896646492,0.018624044522105088,0.007166666666666666,-0.002265131940626719,0.003999999999998893,0.024157966342770166,0.018358721123787003
2014-11,0.02689408693115003,0.02453358864631494,0.0023604982848350886,0.0,0.02689408693115003,0.007,0.0033333333333334103,0.005999999999997119,0.026456678855091433,0.02645667885509151
2014-12,-0.002519216829407256,-0.004188587515997044,0.0016693706865897884,0.008182672637806032,0.005642841881779992,0.006833333333333333,0.011375251101159112,0.005000000000002114,-0.0028529557657290573,0.005306372068995868
2015-01,-0.03002035152924043,-0.031040805838410623,0.0010204543091701934,0.011516314779270509,-0.018849760567965057,0.00675,0.014803742802303121,0.005999999999998895,-0.030256753008949294,-0.01908888452152846
2015-02,0.057473686614352815,0.0548925108906233,0.002581175723729512,0.0032529140688535296,0.06091355764698303,0.007166666666666666,0.006597090449083076,0.003999999999996007,0.057003176922460055,0.06044151742749415
2015-03,-0.015815639164743267,-0.017396107114219572,0.0015804679494763052,0.0032423669278573986,-0.012624552342256568,0.0061666666666666675,0.00650290462037284,0.001000000000005441,-0.016136042690498047,-0.012945994733806865
2015-04,0.009594591074544079,0.008520819822535275,0.0010737712520088039,0.000807971990304468,0.010410315225695133,0.006833333333333333,0.0037269952419429764,0.0009999999999974474,0.009350192053409425,0.01016571873699701
2015-05,0.012858597308287534,0.010491382304589791,0.0023672150036977424,0.0008073196986004838,0.013676298005791399,0.006833333333333333,0.003559539827771685,0.0029999999999990035,0.01242018172439954,0.013237528480366523
2015-06,-0.019359123789635224,-0.021011671979729973,0.0016525481900947492,0.0013444474321053779,-0.018040703681796666,0.00675,0.004348480774401642,-0.0010000000000026654,-0.01969033935148277,-0.018372364545555797
2015-07,0.02095206811739847,0.019742029435184882,0.0012100386822135878,0.006713211600429592,0.02780593538456677,0.006583333333333333,0.009817244002864323,0.0010000000000021103,0.020687228981733096,0.02753931832774348
2015-08,-0.06033421784540227,-0.06258081825586559,0.0022466004104633175,0.26785809549213124,0.19136286896165222,0.006416666666666667,0.2714503600960254,0.0030000000000038884,-0.0607545412403051,0.1908299585426998
2015-09,-0.02474358481868466,-0.026442831280001466,0.0016992464613168057,0.13775982496002692,0.1096075682278368,0.007083333333333334,0.1409834777974135,0.009999999999997788,-0.025081805121215515,0.10922275475563126
2015-10,0.08435457214648068,0.08298311781266654,0.0013714543338141372,0.03247041420118357,0.11956401424502405,0.007416666666666668,0.03539574704142012,0.05200000000000271,0.08406552066307522,0.1192655771402269
2015-11,0.0029731408930131487,0.0005048691103348713,0.0024682717826782774,0.10036535568450455,0.10363689692074507,0.007166666666666666,0.10329966329966322,0.03699999999999615,0.002519566792278074,0.10313779969406056
2015-12,-0.015771957857693808,-0.017530185032692547,0.0017582271749987388,0.10504557291666683,0.08761684070979414,0.007083333333333334,0.1079923611111111,0.011999999999998678,-0.016119025267276953,0.08723331540533064
2016-01,-0.04962322898072313,-0.0507353220469523,0.0011120930662291695,0.07588299407900556,0.02249420590735718,0.007083333333333334,0.0784830446480298,0.013000000000005674,-0.04987337627399084,0.022225076688515477
2016-02,-0.0013491069275127776,-0.0041283603090035426,0.002779253381490765,-0.04219259097007377,-0.04348477558081909,0.0075,-0.03947880331115572,0.010999999999995236,-0.0018493282680697256,-0.04396389128695943
2016-03,0.06783732412843513,0.06599111444005845,0.0018462096883766765,-0.01932422388657018,0.047202196602541324,0.009583333333333334,-0.01687253444628667,0.004999999999999449,0.0674770593418453,0.04684889365334577
2016-04,0.0038779624059339657,0.0026993982833325436,0.001178564122601422,-0.044890106686876874,-0.041186226427073036,0.010083333333333333,-0.042581924444703434,0.006000000000005334,0.003617844454210419,-0.041434667656192636
2016-05,0.01795723663142401,0.015324602525288444,0.0026326341061355674,0.02768113288164553,0.046135446166451155,0.010083333333333333,0.030164695619443016,0.004999999999998117,0.017479008182170342,0.0456439798119459
2016-06,0.0025922535383720025,0.0009109212401243738,0.0016813322982476286,0.006355240103346871,0.008963968035363923,0.01025,0.008871128203605139,0.003999999999999115,0.002256720360301525,0.008626302463384139
2016-07,0.03686795964116185,0.035609800753315435,0.0012581588878464167,0.03948416797001797,0.07780782832236333,0.009666666666666665,0.041996254709278924,0.004999999999997451,0.03659590247465156,0.07752502920499316
2016-08,0.0014048510677484582,-0.0012192428990193127,0.002624093966767771,-0.03767210787792752,-0.03632018051115571,0.010083333333333333,-0.035426676129642676,0.0020000000000024443,0.0009279036393999592,-0.036779160324531435
2016-09,0.00018688478819450793,-0.0012344511393173052,0.0014213359275118131,-0.011947607528467796,-0.011762955566375632,0.010416666666666666,-0.009559814246661524,0.0019999999999988916,-0.00010964893426559736,-0.012055946420300834
2016-10,-0.01824049272440731,-0.01942567890903446,0.0011851861846271516,-0.004269548860956096,-0.0224321629104286,0.010083333333333333,-0.002112132883488216,0.006000000000002892,-0.018501603985434715,-0.022692159344169016
2016-11,0.037035137353959025,0.034174521829295035,0.0028606155246639897,0.020389805097451363,0.058180081683814944,0.010166666666666666,0.02277071464267877,0.01199999999999446,0.03652271169192609,0.05765720776240624
2016-12,0.019765374837583005,0.01820076244186586,0.0015646123957171465,-0.020599471054951524,-0.0012412524842255745,0.010583333333333333,-0.01839581986482508,0.009000000000002562,0.019447349644892097,-0.0015527265261648937
2017-01,0.01896619487883644,0.01788435819838252,0.0010818366804539181,-0.021122745956974498,-0.002557169194334241,0.010166666666666666,-0.019001845239881243,0.008000000000000007,0.018720586043435017,-0.002797590096700664
2017-02,0.039708178764865654,0.03719816006681631,0.0025100186980493433,-0.04223754789272027,-0.004206545230168279,0.010416666666666666,-0.040322022988505735,0.009999999999998899,0.039248342626824924,-0.0046469590173058295
2017-03,0.0011647620747521348,-0.0003891971352694146,0.0015539592100215494,0.0074247127724260675,0.008598122871031455,0.010083333333333333,0.009523514257368637,0.004999999999999449,0.000848334859915569,0.008279346275011257
2017-04,0.010270539195507356,0.009091208748854607,0.0011793304466527488,-0.0012389211855523552,0.009018893621358659,0.01025,0.0008418310619777714,0.005000000000001226,0.010010306295176111,0.008758983129080855
2017-05,0.014072531092810037,0.011576251246328662,0.002496279846481375,-0.010082697201017732,0.003847944821931515,0.01025,-0.007937876378286579,0.004999999999999005,0.013614755782504498,0.0033947851214659597
2017-06,0.006241750550943559,0.004813775207812565,0.0014279753431309938,0.03286958198117129,0.039316496263555045,0.010333333333333333,0.034849248679968525,0.004000000000001336,0.005944220916140576,0.03900918695402922
2017-07,0.02056280365850882,0.019348826001101882,0.0012139776574069394,0.016425060660735458,0.03732560961669007,0.010333333333333333,0.018288506605280253,0.001000000000000334,0.020297373676564447,0.037055819931191
2017-08,0.0030620867698973875,0.000546433019853243,0.0025156537500441445,0.024361877945767274,0.02749856289981234,0.010083333333333333,0.026239874722001177,0.0010000000000016662,0.0026014053740574324,0.027026658440034934
2017-09,0.020627755782101964,0.019302978562167672,0.0013247772199342922,0.01939049895428746,0.0404182372133115,0.010166666666666666,0.021174432327457415,0.002999999999997227,0.020345705865778486,0.040130718208380545
2017-10,0.023334751501988382,0.02218813506615125,0.0011466164358371334,-0.02107330226559978,0.0017697089646946385,0.010083333333333333,-0.019441757769375734,0.012000000000001565,0.023079425703279477,0.0015197637237178707
2017-11,0.030669580718061917,0.028082627806563343,0.0025869529114985745,-0.007155688622754397,0.0232944301254987,0.009916666666666667,-0.005418211077844348,0.00899999999999701,0.030198204448003797,0.022826426877253114
2017-12,0.011118318682830974,0.009831630594270502,0.0012866880885604726,0.0021712252344621152,0.013313684291382133,0.00975,0.0038415106098528273,0.007000000000000561,0.01084198213621357,0.013036747755881484
2018-01,0.05725377894461947,0.05617870412552817,0.001075074819091304,-0.029789666897360956,0.0257585410438832,0.00975,-0.028091798814431468,0.006000000000004446,0.057009184388422444,0.02552123287804009
2018-02,-0.03685581181395381,-0.0389473718793677,0.002091560065413889,-0.011630431411469133,-0.048057594234006684,0.009916666666666667,-0.009900784666439288,0.006999999999998785,-0.037252879157099225,-0.04845004351265192
2018-03,-0.025414020168213147,-0.02688449860055664,0.0014704784323434916,-0.001161039287059129,-0.026545552779414838,0.009583333333333334,0.0003372191540103042,0.004999999999998117,-0.025717925266398007,-0.026849105031841236
2018-04,0.003837109768069835,0.0027187749953683227,0.0011183347727015125,0.028085828280606906,0.03203070645471651,0.009666666666666665,0.029627957023027784,0.004000000000003334,0.003586026218831275,0.03177257101602993
2018-05,0.024082244244804096,0.0216083418545836,0.002473902390220495,0.010450725744843403,0.03478464691957028,0.009666666666666665,0.011882197606315259,0.0019999999999993356,0.023627825552937687,0.03432547922258178
2018-06,0.006154449872648016,0.00484243626760783,0.0013120136050401854,0.031481537484501,0.0378297389015112,0.0095,0.033028759790727724,0.002000000000000668,0.005874314498558654,0.03754078443514186
2018-07,0.03721476479445185,0.03602155617289915,0.0011932086215526994,0.0175325436847662,0.055399777968694996,0.009333333333333332,0.019058842500293327,0.000999999999995893,0.03695245016788561,0.05513286429947928
2018-08,0.032583990699538656,0.030263211276748248,0.002320779422790409,0.04716763671987545,0.0812885372556138,0.009416666666666667,0.04856386023550208,0.002000000000001778,0.03215254045278677,0.08083673652036039
2018-09,0.0056920706182788106,0.0042942874264617625,0.001397783191817048,-0.0009905621440167156,0.004695870124586499,0.009333333333333332,0.0005079520127673209,0.003999999999998449,0.0053990698061729195,0.004403159547993418
2018-10,-0.06834998886769361,-0.0694033560936963,0.0010533672260026883,0.015093508138926515,-0.05428812184203713,0.009000000000000001,0.01653155727545652,0.003999999999999337,-0.06859132728492735,-0.05453310290263569
2018-11,0.020378083784286183,0.01785935665477978,0.002518727129506404,0.007407407407407307,0.02793643996046602,0.008916666666666666,0.008750617283950657,0.009000000000003228,0.019916941381526887,0.027471881688056587
2018-12,-0.0902898436547529,-0.09177689467997252,0.0014870510252196212,0.0347985347985349,-0.058633263122592205,0.008833333333333334,0.036092032967033116,0.007000000000001005,-0.09059623464186918,-0.05895031606713563
2019-01,0.08013483569189983,0.07868440166582613,0.0014504340260736992,-0.009604372722540333,0.069760818139315,0.008666666666666668,-0.008448911157383221,0.0050000000000001155,0.07983393725465544,0.0694628096428136
2019-02,0.03210851327546971,0.029728889343927145,0.0023796239315425627,-0.008541168431841495,0.023293100623646312,0.008499999999999999,-0.007301844892381282,0.002999999999995895,0.03166823635240499,0.02285658417993819
2019-03,0.019431281619924246,0.01792425624958849,0.0015070253703357572,0.007368923288978424,0.02694339253256639,0.007916666666666667,0.008376292212267211,0.005000000000002336,0.019121894481040548,0.026631725543589724
2019-04,0.04048931393952193,0.03931349831373798,0.0011758156257839492,0.004999473739606186,0.0456912129409035,0.007833333333333333,0.005920723257200944,0.005000000000002114,0.040229608262321005,0.04543020887198934
2019-05,-0.0635480335027736,-0.0657777313668354,0.002229697864061797,-0.001492381002251686,-0.06494557662709532,0.00825,-0.0006602913197536475,0.0059999999999957865,-0.06396582151571621,-0.06536274114114438
2019-06,0.07047670780596915,0.0689301639982407,0.001546543807728451,-0.0022025854157380342,0.06811889142146854,0.007750000000000001,-0.001204788001153867,0.002000000000001556,0.07016139290147655,0.06780427102498598
2019-07,0.014373109105911164,0.013128152166957952,0.0012449569389532122,0.010590492208236046,0.025115819614141444,0.007833333333333333,0.011601082700444243,0.0019999999999991136,0.01410303223173485,0.02484288249293365
2019-08,-0.015841356518145777,-0.018091627240523933,0.002250270722378156,0.007541085916371815,-0.008419731632309135,0.008083333333333333,0.00854862700228809,0.00200000000000089,-0.016262230459835835,-0.008843779420553477
2019-09,0.018710674837483898,0.017181177931020697,0.0015294969064632014,0.0004387549682547398,0.019157639207282973,0.007833333333333333,0.0013558238269757439,0.0030000000000001137,0.018397916968181084,0.018844744113911238
2019-10,0.02165901486088595,0.020431770513684056,0.0012272443472018946,0.0023475995150015194,0.02405746106867035,0.007750000000000001,0.0032664181478903043,0.006000000000002448,0.02139159487547233,0.02378941328822859
2019-11,0.03629905189411575,0.034047037714499906,0.0022520141796158466,-0.005636485303958438,0.03045796751760843,0.007666666666666666,-0.0047249854154870485,0.006999999999996787,0.03587791643384004,0.03003920578116559
2019-12,0.030182811111814756,0.02858981890573009,0.0015929922060846646,-0.013381648764074106,0.01639726657072993,0.007583333333333333,-0.012312812216901836,0.007000000000000561,0.029860528947568722,0.016079297073208654
2020-01,-0.00039212586234349533,-0.0016280928190489652,0.0012359669567054699,-0.006243769347814676,-0.0066334468667184066,0.0075,-0.005084387078720387,0.008584123919734399,-0.0006608542391826492,-0.006900497365555314
2020-02,-0.08231873294630587,-0.08411048363840312,0.0017917506920972492,0.0060718057022175476,-0.07674675059619107,0.007750000000000001,0.007161716825061504,0.005999999666725264,-0.0826708288834538,-0.07710098439145785
2020-03,-0.12351349571065617,-0.12511928240892822,0.0016057866982720492,0.1755707163474154,0.030371867716265877,0.007416666666666668,0.17694221551648748,0.008999999996948782,-0.12383769704873032,0.029990746117025235
2020-04,0.12819402479140174,0.1268440381652789,0.0013499866261228455,-0.04151693042566007,0.08135487195749169,0.007583333333333333,-0.04063832094521691,0.008999999835832106,0.12790819346415,0.08108090746956687
2020-05,0.04762743737938613,0.04528181966555822,0.0023456177138279077,-0.041615239514682933,0.004030170650689557,0.008333333333333333,-0.04065685475419767,0.005000000234575808,0.04719226138897861,0.003613104613353846
2020-06,0.01988818896464828,0.01838839651392421,0.001499792450724069,-0.018734509403703248,0.0007810840977642286,0.008583333333333333,-0.017835016037323292,0.003999742468407952,0.019579886763706335,0.00047855778730498955
2020-07,0.05638519336235093,0.055101321480443666,0.0012838718819072614,0.035089022608523424,0.09345271729555193,0.00825,0.03603785421258121,0.0030024088519144954,0.05610927924673151,0.09316712162329144
2020-08,0.07187979994601834,0.07006466690171775,0.0018151330443005875,0.00504784688995219,0.07729048506057845,0.008333333333333333,0.00596914074960142,0.0010010947933207781,0.07152419665603992,0.0769330867396385
2020-09,-0.03799716499763972,-0.039227970178423055,0.0012308051807833342,0.02237509223774725,-0.016472262831487505,0.008166666666666668,0.023567863178691306,0.003000280814457801,-0.03826511910809055,-0.016746212439875174
2020-10,-0.026592680019229653,-0.027665786221379718,0.0010731062021500648,0.007287373984307788,-0.019499096839467045,0.008166666666666668,0.008210720743793365,0.005997347610393167,-0.026836979282885497,-0.019745176403221265
2020-11,0.10946365941098035,0.10754563544385909,0.0019180239671212629,-0.02027089497041412,0.08697383809756909,0.007916666666666667,-0.019454454049556258,0.008998540117476361,0.10909262248257882,0.08661032241977318
2020-12,0.03844857198813356,0.03712145909357001,0.0013271128945635535,-0.007455115955363745,0.030706817470280034,0.007750000000000001,-0.006627995218659977,0.00900055164671354,0.0381661717206157,0.030426522529502398
2021-01,-0.01009624917619234,-0.011136660755445171,0.0010404115792528312,0.008343039148106968,-0.0018374434302114162,0.007666666666666666,0.009183325014063604,0.005999597149354274,-0.010335644246413598,-0.0020788357828753767
2021-02,0.027574537649545094,0.026091451377448394,0.0014830862720967009,-0.016972325680071787,0.010134207936007833,0.007833333333333333,-0.016153135951471942,0.007003074869494252,0.027268741375397254,0.00983360173581671
2021-03,0.04379560734264487,0.042438632533165155,0.0013569748094797163,0.01755311495851508,0.06211747163152337,0.007416666666666668,0.018316279794734047,0.005998087429108567,0.043508727787889584,0.0618255564469643
2021-04,0.053369027112194045,0.05242532134755851,0.0009437057646355385,0.008036008860819122,0.06183390994778004,0.007833333333333333,0.009128047870418321,0.004475531409262157,0.05314413791416538,0.06160721353816312
2021-05,0.006984127269920037,0.00548648867060697,0.001497638599313067,0.0003506721215662534,0.007337248530213225,0.0075,0.001100935125657454,0.007730147647318386,0.0066761481466897435,0.007029161407290374
2021-06,0.023345476895568984,0.022214009565834747,0.001131467329734237,-0.0002570694087402625,0.02308240607888634,0.007166666666666666,0.0004927377892032236,0.010460250762028389,0.023092423462775513,0.02282941769838942
2021-07,0.023754322593721122,0.02274805482838871,0.0010062677653324137,-0.007830945089880581,0.01573735870796189,0.007166666666666666,-0.00708681829869795,0.0069013115237901435,0.023520049095587924,0.015504919792728611
2021-08,0.03040565081251234,0.028990416255438634,0.001415234557073708,0.003062859296955933,0.033561638339739464,0.007083333333333334,0.003815156441428602,0.009435107247761643,0.030110032295617952,0.0332651143849223
2021-09,-0.046509384175090984,-0.047569168801901096,0.0010597846268101119,-0.00016441959881619006,-0.04666615671961993,0.006916666666666667,0.0006687767181847715,0.003996976239946992,-0.04675168520244583,-0.046908417907937094
2021-10,0.07006129606134426,0.0691438364006065,0.0009174596607377516,0.003382902248220354,0.07368120882552387,0.006916666666666667,0.004135439424906462,0.007001803426506692,0.06984034377890026,0.07345950908310694
2021-11,-0.006928760290665026,-0.008333706184746159,0.0014049458940811332,0.015522933202219535,0.008486618228388254,0.007,0.01628457540212125,0.0070023684481539394,-0.00722283550811053,0.008187978100985926
2021-12,0.04481641810716064,0.04361291346206486,0.0012035046450957765,-0.004772444321482938,0.03983008992557302,0.007,-0.0040260236547240424,0.005997768065550524,0.04455255907706294,0.0395674901480052
2022-01,-0.05174684964309462,-0.052585165027393854,0.0008383153842992375,0.005003822364306076,-0.04700195932231499,0.006666666666666667,0.005673824912548975,0.007000609901620214,-0.05195593028407283,-0.04721208616568051
2022-02,-0.029942154424401735,-0.031360491945908286,0.001418337521506552,0.07666597515155704,0.044428276260070065,0.007083333333333334,0.07738375246832474,0.008000877770466985,-0.030238238385961052,0.044109492732871125
2022-03,0.037129991432832465,0.03577328837154625,0.001356703061286213,-0.019032734590764044,0.017390571569769975,0.007083333333333334,-0.018378756413824582,0.03700043104761752,0.0368431526403062,0.0171091921038522
2022-04,-0.08720158087452601,-0.08795671180434306,0.0007551309298170494,-0.02579659537319945,-0.11074867235000196,0.008333333333333333,-0.02514712643678163,0.01999823656112576,-0.0873981838473319,-0.11094020363546919
2022-05,0.001833949628145648,5.317770464463578e-05,0.0017807719235010122,-0.0425422285944711,-0.04078629927063682,0.008833333333333334,-0.041903923413534105,0.013999687157829399,0.0014835005062871628,-0.04112183950584236
2022-06,-0.0825436110733131,-0.08391999993382682,0.001376388860513722,0.0881864339362175,-0.0016364038418691385,0.009166666666666667,0.0889118915588416,0.015998538575518806,-0.0828334027357235,-0.0019517511975719604
2022-07,0.0922044440182046,0.09111639173021002,0.0010880522879945786,0.025823514234110334,0.12040900102486729,0.0095,0.026507396576932907,0.010999856158798282,0.09195790284167207,0.12015609328875332
2022-08,-0.04078136096557594,-0.04244012827299837,0.0016587673074224263,-0.018843404808317032,-0.058856306080584564,0.009833333333333335,-0.01818930041152267,0.014002347557000583,-0.04111350939502264,-0.059182195702718765
2022-09,-0.09209948776769283,-0.09339567201327437,0.0012961842455815331,0.01877803888058094,-0.0750508966492952,0.010083333333333333,0.019542122409741403,0.01799884632773585,-0.0923772487378634,-0.07533387342576314
2022-10,0.08096129329787738,0.0798634138370089,0.0010978794608684783,-0.020738535091949895,0.058543739583779786,0.010166666666666666,-0.020085694115344555,0.01599984685478195,0.08071327804541377,0.05830086780433286
2022-11,0.05588472553719126,0.053752893352493114,0.002131832184698146,0.0030620985010707535,0.05911794857256214,0.0105,0.0038143950749465194,0.013999374455944125,0.05548161737615321,0.0587136060546285
2022-12,-0.05761465550458056,-0.05897147407473047,0.0013568185701499091,-0.012339090152210686,-0.06924283322843161,0.010916666666666667,-0.011680649545645516,0.011999970269506388,-0.057901511623436375,-0.06952614980377625
2023-01,0.06283426331239328,0.0617528578346791,0.0010814054777141813,-0.005900788933318801,0.056562702653487396,0.011083333333333334,-0.00515521452501877,0.011002045440360986,0.06258871915740281,0.056318607402729315
2023-02,-0.024399793943813197,-0.02611249393181858,0.001712699988005384,-0.02343885893198827,-0.04726674954758281,0.011500000000000002,-0.022787818171276286,0.012999938251198051,-0.02474003227534734,-0.0475990130808609
2023-03,0.03671431935844782,0.03505161257710898,0.0016627067813388408,-0.002426860221757088,0.034198358615470825,0.011250000000000001,-0.001678680366923424,0.009000028685351547,0.036381580007913666,0.033866426776830716
2023-04,0.015608883999174816,0.014642341662481018,0.0009665423366937986,0.011918312688316002,0.02771322824770861,0.011250000000000001,0.012592924896774882,0.008997931755023059,0.015380569315337414,0.027482192438077924
2023-05,0.004346889243029617,0.002482347368192972,0.001864541874836645,-0.013917377974811962,-0.009630986032392208,0.011583333333333334,-0.013259989560128527,0.006001479237840668,0.003983874628470787,-0.00998894843534981
2023-06,0.06607551948450796,0.06472746490423464,0.0013480545802733168,0.015768989889952678,0.08288645357318525,0.011583333333333334,0.016446169216545847,0.0049994048327566265,0.06578997796413362,0.08259640935146284
2023-07,0.03212449926459038,0.031138932355010862,0.000985566909579516,-0.02166780437319704,0.009760627525741361,0.011666666666666667,-0.02101558290944594,0.006002187680713256,0.03189333089482012,0.009534468066984436
2023-08,-0.015921101962751427,-0.017716390070854016,0.0017952881081025884,0.038600913817551596,0.022065242770055615,0.011583333333333334,0.03937986450291486,0.006998285922050318,-0.01627372851230015,0.021699004513457965
2023-09,-0.04767813851995306,-0.048719367465624885,0.0010412289456718238,0.028237690707350938,-0.020786768341630846,0.011666666666666667,0.029008868975381574,0.0060005639498512675,-0.047917656195137166,-0.021033049442845786
2023-10,-0.021026941293289414,-0.02197968873798295,0.0009527474446935358,-0.005479798512023959,-0.026391516403701964,0.011666666666666667,-0.0047339083609079236,0.007000488803661664,-0.02125318674332678,-0.026616522074258908
2023-11,0.09132586049075653,0.08917926878197013,0.002146591708786394,-0.027147307521139252,0.061699301750242075,0.011666666666666667,-0.026417668001780026,0.010000033944447928,0.09092053840110523,0.06130498306400356
2023-12,0.045430677149214116,0.04422923115636013,0.001201445992853989,-0.009802640177754562,0.03518269639033411,0.011583333333333334,-0.009059992157887886,0.007998790098973974,0.04516712691695269,0.034921729646168354
2024-01,0.01680409179611586,0.015895707598991615,0.0009083841971242457,-0.014057550158394938,0.00251031727443074,0.011416666666666665,-0.013318093321013746,0.008000000000000007,0.01658450083321389,0.002293813222504104
2024-02,0.05339588463681255,0.05172064062372317,0.001675244013089383,0.00700626994220932,0.06077626056059038,0.011666666666666667,0.007761524644666062,0.01100000000000012,0.053061264701515815,0.06043929618769894
2024-03,0.032174685531384695,0.031018779915342964,0.0011559056160417303,-0.010037446544503892,0.021814287300773394,0.011333333333333334,-0.0092949746294122,0.007000000000001005,0.0319179663556451,0.021560144930037106
2024-04,-0.040845058737709494,-0.04161507173789869,0.0007700130001891958,-0.01195219123505975,-0.05230906201972885,0.011500000000000002,-0.011211155378486048,0.005999999999999783,-0.041043894021071205,-0.05250552078575965
2024-05,0.04958517990102096,0.0480211901511991,0.0015639897498218591,0.007588800289960229,0.05755027221859188,0.011416666666666665,0.00834449189017783,0.0039999999999997815,0.04926724810521435,0.057229927701880845
2024-06,0.035881770581602135,0.03466980128308328,0.0012119692985188557,0.05996088041547698,0.09799415355201813,0.011333333333333334,0.060755851075788625,0.003999999999998449,0.03561664185349098,0.09771312747194583
2024-07,0.012172471865234513,0.011321316887868749,0.0008511549773657645,0.008293386501506017,0.020566809380597517,0.011333333333333334,0.009049606541382094,0.007000000000000117,0.011961465285296315,0.020354052841537795
2024-08,0.024256361140686522,0.022834706936630367,0.0014216542040561553,0.013168689652270915,0.03774447528491254,0.011250000000000001,0.013928566169510104,0.00600000000000156,0.023959779676744765,0.037443988231715464
2024-09,0.02135705185853687,0.020196884090601275,0.0011601677679355937,-0.0049830782966177045,0.01626754970032307,0.011250000000000001,-0.004236815605340172,0.004000000000000892,0.021099693360013196,0.016011473639347962
2024-10,-0.009068007656306443,-0.009896743303151712,0.0008287356468452689,0.019239196210587783,0.009996727375742642,0.011166666666666667,0.020003625607745823,0.00899999999999812,-0.009275651336666565,0.009785088797874097
2024-11,0.05870056801882817,0.057301295482098835,0.0013992725367293346,0.04661684921691078,0.10805385276401958,0.011083333333333334,0.04740181185382353,0.009000000000000119,0.05840734380498544,0.10774695936121348
2024-12,-0.02383809436408557,-0.02499013704848363,0.001152042684398058,0.024099213645788486,-0.00031336004728566014,0.011000000000000001,0.024867288056022785,0.008999999999999675,-0.024094234100078615,-0.0005756725494995285
2025-01,0.027847318318425573,0.0270163042404441,0.0008310140779814734,-0.008136914084883706,0.019483812996890393,0.011000000000000001,-0.007393016770447347,0.011000000000001009,0.02763933287339502,0.019277519911556906
2025-02,-0.013047637681915525,-0.014242092699825126,0.0011944550179096014,-0.03425897396395006,-0.04685961296622976,0.011250000000000001,-0.03353466819442297,0.014999999999999458,-0.013310139267935298,-0.04711312151724867
2025-03,-0.056344280446628536,-0.05754469768137538,0.0012004172347468423,0.003848531376497988,-0.0527125918013156,0.011083333333333334,0.004601417775030425,0.013000000000001455,-0.056607676365173894,-0.05297700140731798
2025-04,-0.006781463483622074,-0.007624943346289825,0.0008434798626677509,0.01767907512613731,0.010777721640123028,0.011333333333333334,0.018442334432482,0.011999999999999345,-0.006991318796355571,0.010564156279550208
2025-05,0.06294523524457785,0.06152382614078289,0.0014214091037949572,-0.0029473766396003187,0.05981233528904362,0.011666666666666667,-0.0021995871720800197,0.009000000000000341,0.06264869054567526,0.059516664619059245
2025-06,0.05085243875141643,0.049606839467715824,0.0012455992837006047,0.01875452712358805,0.07056067931686849,0.011833333333333333,0.019518593018930774,0.008112079955076235,0.050582265525528004,0.07028543911988705
2025-07,0.022442682801333103,0.0216665625306407,0.0007761202706924042,0.04990487903303298,0.07346756120474329,0.011833333333333333,0.050692307692307814,0.007000000000000117,0.022242931427395907,0.07325784126265322
2025-08,0.020271783333383198,0.019066444295036122,0.0012053390383470752,-0.014312907240647266,0.005668727938282769,0.011833333333333333,-0.013573641921077684,0.009599284436495159,0.020007649144297802,0.005408374277344752
2025-09,0.03649995166573006,0.035323687218701494,0.0011762644470285633,0.019032940914323948,0.05622759400348354,0.011916666666666667,0.01979721562000969,0.010263814616756628,0.03624017866534244,0.05596287675892819
2025-10,0.023413709984486886,0.0226868719049238,0.0007268380795630858,-0.034111408735581716,-0.011496373382392067,0.012000000000000002,-0.03338699229213338,0.006318866253319788,0.02322135093921909,-0.01168217078964262
2025-11,0.0024508748642451117,0.0012996181666717899,0.0011512566975733218,-0.0330899692493446,-0.030720193758991376,0.012166666666666666,-0.03260651423396932,0.007207815275311225,0.0021948530262757802,-0.030967743842215012
2025-12,0.0006120873971435792,-0.0005241344225139777,0.0011362218196575569,-0.01943300879948484,-0.018832816102115957,0.012333333333333335,-0.01869758355608442,0.00810231316725929,0.00035832079086161233,-0.01908165125970518
2026-01,0.014500240957423749,0.013662958900920286,0.0008372820565034633,-0.003084147481942856,0.011371372593844464,0.012249999999999999,-0.0023364605925543236,0.010099732858416033,0.014291315315614896,0.01116309130952775
2026-02,-0.0075998603063116565,-0.008668344740704326,0.0010684844343926692,-0.006905911939643072,-0.014453288279925758,0.01275,-0.006161091373597771,0.010476827094473506,-0.00784346630480389,-0.014695211956844423
2026-03,-0.04979507787971005,-0.050932690968577,0.0011376130888669511,-0.03219712195514102,-0.08038894163959232,0.012583333333333334,-0.03155192003644447,0.0066517457475394615,-0.05004905317637342,-0.08063473966265544
2026-04,0.1049265711115499,0.10423338582985764,0.0006931852816922657,-0.04151264692445078,0.05905814448755198,0.012499999999999999,-0.04087365535573384,0.00835315315315266,0.10473925998596273,0.05887860914258636
2026-05,0.052633054896042086,0.05147035515724263,0.0011626997387994553,0.052865345033040745,0.10828086453630514,0.012333333333333335,0.05365499404181562,0.007175406871609891,0.052375316601888836,0.10800950081830307
2026-06,-0.009523233980697987,-0.010646379407113993,0.0011231454264160057,-0.00026751723428330987,-0.009788203585765376,0.012333333333333335,0.0003989710875604846,0.00719893495511692,-0.00977503912799372,-0.010039941370844518
2026-07,-0.0006349317981017011,-0.0012853961689047733,0.0006504643708030722,-0.023033222181054747,-0.023653529453980915,0.012249999999999999,-0.022300497097690553,0.00608703535811439,-0.0008158347870554953,-0.023830265664196992
2026-08,0.027233078535142896,0.026225268266459212,0.0010078102686836843,-0.020774076649179407,0.005893259825081376,0.012249999999999999,-0.020039657206666228,0.005934677233458752,0.02699857366150701,0.005663626573664926
