month,sp500_tr_usd,sp500_price_usd,spy_adj_usd,usdkzt,dep_kzt_rate,dep_usd_rate,cpi_kz
1999-12,2021.4000244140625,1469.25,92.03352355957033,138.2,13.5,8.5,100.0
2000-01,1919.8399658203125,1394.4599609375,87.45142364501953,139.45,16.5,9.1,102.56260920209685
2000-02,1883.5,1366.4200439453125,86.11984252929688,140.15,16.7,8.4,102.67909143855567
2000-03,2067.760009765625,1498.5799560546875,94.46610260009766,141.8,10.5,8.3,102.67909143855567
2000-04,2005.550048828125,1452.4300537109375,91.14842987060548,142.15,17.6,7.7,103.02853814793235
2000-05,1964.4000244140625,1420.5999755859375,89.71536254882812,142.35,20.0,8.0,103.7856726849155
2000-06,2012.8299560546875,1454.5999755859375,91.48108673095705,142.6,16.5,8.5,104.4263249854396
2000-07,1981.3599853515625,1430.8299560546875,90.04461669921875,142.7,18.6,7.5,104.83401281304583
2000-08,2104.429931640625,1517.6800537109375,95.92823028564452,142.65,18.0,8.5,105.06697728596394
2000-09,1993.3299560546875,1436.510009765625,90.66536712646484,142.75,16.2,7.9,105.59114735002922
2000-10,1984.9100341796875,1429.4000244140625,90.2412567138672,142.65,15.5,8.6,106.87245195107764
2000-11,1828.4200439453125,1314.949951171875,83.5045166015625,144.1,15.9,8.4,108.44496214327299
2000-12,1837.3699951171875,1320.280029296875,83.06803894042969,144.5,15.6,8.6,109.78450786255118
2001-01,1902.550048828125,1366.010009765625,86.7612075805664,145.1,16.4,8.4,110.94933022714031
2001-02,1729.0799560546875,1239.93994140625,78.48526763916016,145.3,14.7,7.6,111.70646476412347
2001-03,1619.5400390625,1160.3299560546875,74.08716583251953,145.45,15.7,7.9,112.52184041933614
2001-04,1745.3900146484375,1249.4599609375,80.41718292236328,145.65,14.6,7.9,113.33721607454859
2001-05,1757.0899658203125,1255.8199462890625,79.96637725830078,146.1,14.7,7.7,113.80314502038458
2001-06,1714.3199462890625,1224.3800048828125,78.06082916259766,146.5,13.9,7.6,113.8613861386141
2001-07,1697.449951171875,1211.22998046875,77.26496124267578,146.8,14.4,8.3,113.74490390215503
2001-08,1591.1800537109375,1133.5799560546875,72.68063354492188,147.15,14.4,6.1,113.74490390215503
2001-09,1462.68994140625,1040.93994140625,66.74768829345703,147.7,13.7,7.8,113.97786837507292
2001-10,1490.5799560546875,1059.780029296875,67.6168441772461,148.1,13.8,7.5,114.73500291205607
2001-11,1604.9200439453125,1139.449951171875,72.88941955566406,148.55,13.6,7.8,115.78334304018661
2001-12,1618.97998046875,1148.0799560546875,73.30047607421875,150.2,12.8,7.3,116.83168316831694
2002-01,1595.3499755859375,1130.199951171875,72.5821762084961,151.3,13.1,7.5,117.64705882352938
2002-02,1564.5899658203125,1106.72998046875,71.2803955078125,151.9,12.5,7.5,117.9965055329063
2002-03,1623.4300537109375,1147.3900146484375,73.65193939208984,152.2,11.2,7.0,118.17122888759464
2002-04,1525.0,1076.9200439453125,69.36863708496094,152.8,11.5,7.2,118.81188118811896
2002-05,1513.77001953125,1067.1400146484375,68.95701599121094,152.9,11.3,7.1,119.8602213162493
2002-06,1405.93994140625,989.8200073242188,63.86751174926758,153.1,11.1,6.8,120.44263249854407
2002-07,1296.3399658203125,911.6199951171876,58.83347702026367,153.85,11.3,7.2,121.1415259172977
2002-08,1304.8599853515625,916.0700073242188,59.233585357666016,154.15,10.2,6.9,120.79207920792076
2002-09,1163.0400390625,815.280029296875,53.0228157043457,154.55,9.4,7.1,120.90856144437983
2002-10,1265.4100341796875,885.760009765625,57.385765075683594,154.35,10.8,6.9,121.60745486313344
2002-11,1339.8900146484375,936.3099975585938,60.92536163330078,154.2,12.0,6.7,122.77227722772281
2002-12,1261.1800537109375,879.8200073242188,57.47882080078125,155.6,11.0,6.9,124.51951077460674
2003-01,1228.1400146484375,855.7000122070312,56.06515121459961,155.2,11.2,6.8,125.7425742574259
2003-02,1209.7099609375,841.1500244140625,55.30946350097656,152.6,11.3,5.6,126.32498543972046
2003-03,1221.4599609375,848.1799926757812,55.42778015136719,152.28,10.9,6.1,126.6744321490974
2003-04,1322.0699462890625,916.9199829101562,60.11764907836914,151.96,9.5,6.4,127.14036109493314
2003-05,1391.719970703125,963.5900268554688,63.41425704956055,150.8,11.2,6.5,127.25684333139196
2003-06,1409.47998046875,974.5,64.0897216796875,148.0,11.1,6.6,127.31508444962148
2003-07,1434.3299560546875,990.3099975585938,65.24504852294922,146.76,10.9,6.4,127.31508444962148
2003-08,1462.300048828125,1008.010009765625,66.5908432006836,147.47,9.9,5.8,127.54804892253935
2003-09,1446.77001953125,995.969970703125,65.86458587646484,148.93,10.5,6.1,128.0139778683751
2003-10,1528.6199951171875,1050.7099609375,69.39009857177734,148.03,10.0,6.0,129.70297029702976
2003-11,1542.0699462890625,1058.199951171875,70.14791870117188,146.63,10.0,5.6,131.7414094350611
2003-12,1622.93994140625,1111.9200439453125,73.67725372314453,144.22,10.9,5.9,132.90623179965044
2004-01,1652.72998046875,1131.1300048828125,75.13385772705078,139.41,10.0,5.9,133.77984857309264
2004-02,1675.699951171875,1144.93994140625,76.15350341796875,139.15,9.3,5.9,134.42050087361673
2004-03,1650.4200439453125,1126.2099609375,75.14478302001953,138.88,9.4,5.8,134.94467093768202
2004-04,1624.510009765625,1107.300048828125,73.72294616699219,138.5,9.2,6.4,135.41059988351776
2004-05,1646.800048828125,1120.6800537109375,74.9853744506836,137.34,9.6,6.0,135.64356435643566
2004-06,1678.8299560546875,1140.8399658203125,76.37268829345703,136.45,9.6,6.0,136.05125218404186
2004-07,1623.260009765625,1101.719970703125,73.91202545166016,136.29,9.4,5.8,136.34245777518927
2004-08,1629.8299560546875,1104.239990234375,74.09207916259766,136.61,9.1,5.4,136.86662783925456
2004-09,1647.47998046875,1114.5799560546875,74.83572387695312,134.56,9.8,5.8,137.91496796738508
2004-10,1672.6500244140625,1130.199951171875,75.7999496459961,132.0,8.7,5.2,139.37099592312188
2004-11,1740.3299560546875,1173.8199462890625,79.1744155883789,130.02,9.2,5.6,140.65230052417007
2004-12,1799.550048828125,1211.9200439453125,81.55923461914062,130.0,9.3,5.6,142.10832847990682
2005-01,1755.6800537109375,1181.27001953125,79.73057556152344,130.37,9.6,6.0,142.9237041351195
2005-02,1792.6300048828125,1203.5999755859375,81.39727783203125,130.15,9.6,6.0,143.7812463599301
2005-03,1760.8900146484375,1180.5899658203125,79.90830993652344,132.59,9.7,5.9,144.64393383808977
2005-04,1727.489990234375,1156.8499755859375,78.41119384765625,131.61,9.7,6.0,145.51179744111846
2005-05,1782.4599609375,1191.5,80.93795776367188,132.49,9.3,5.6,146.384868225765
2005-06,1784.989990234375,1191.3299560546875,81.0605697631836,135.26,9.2,5.7,146.97040769866817
2005-07,1851.3699951171875,1234.1800537109375,84.16207122802734,135.84,9.1,6.1,147.70525973716158
2005-08,1834.47998046875,1220.3299560546875,83.37309265136719,135.25,9.6,5.9,148.0006702566358
2005-09,1849.3299560546875,1228.81005859375,84.04217529296875,133.89,9.5,5.8,149.18467561868894
2005-10,1818.5,1207.010009765625,82.05455780029297,134.0,9.5,5.9,150.67652237487576
2005-11,1887.280029296875,1249.47998046875,85.66104888916016,134.07,9.1,5.9,151.58058150912507
2005-12,1887.93994140625,1248.2900390625,85.49713134765625,133.77,9.1,6.2,152.94480674270721
2006-01,1937.9300537109375,1280.0799560546875,87.55023193359375,132.17,9.2,6.2,154.32131000339143
2006-02,1943.18994140625,1280.6600341796875,88.0515365600586,130.3,8.9,5.8,156.6361296534423
2006-03,1967.3800048828125,1294.8699951171875,89.50472259521484,128.45,9.1,5.2,157.88921869066982
2006-04,1993.7900390625,1310.6099853515625,90.6353759765625,124.42,9.8,6.1,158.6786647841231
2006-05,1936.4100341796875,1270.0899658203125,87.90531921386719,121.48,9.9,5.8,159.94809410239634
2006-06,1939.030029296875,1270.199951171875,88.13460540771484,118.69,9.4,6.3,160.42793838470354
2006-07,1951.0,1276.6600341796875,88.52928161621094,118.41,9.0,5.9,160.74879426147285
2006-08,1997.4200439453125,1303.8199462890625,90.4612045288086,125.24,9.6,6.2,161.07029184999567
2006-09,2048.889892578125,1335.8499755859375,92.90380096435548,127.22,9.8,6.4,161.8756433092458
2006-10,2115.64990234375,1377.93994140625,95.83181762695312,127.82,10.0,6.4,163.00877281241057
2006-11,2155.889892578125,1400.6300048828125,97.7374496459961,127.98,9.9,5.8,164.31284299490986
2006-12,2186.1298828125,1418.300048828125,99.04435729980467,127.0,9.8,7.4,165.79165858186386
2007-01,2219.18994140625,1438.239990234375,100.5339813232422,126.24,9.9,6.6,167.6153668262643
2007-02,2175.780029296875,1406.8199462890625,98.56180572509766,123.71,9.5,6.6,168.95628976087443
2007-03,2200.1201171875,1420.8599853515625,99.70399475097656,123.84,10.6,6.7,170.13898378920052
2007-04,2297.580078125,1482.3699951171875,104.12044525146484,120.02,9.1,6.6,170.98967870814664
2007-05,2377.75,1530.6199951171875,107.65226745605467,121.62,9.8,6.5,172.18660645910379
2007-06,2338.25,1503.3499755859375,106.07828521728516,122.31,10.5,6.5,173.5640993107764
2007-07,2265.75,1455.27001953125,102.7569351196289,123.61,10.5,7.2,175.12617620457357
2007-08,2299.7099609375,1473.989990234375,104.07560729980467,126.25,10.2,8.3,176.35205943800545
2007-09,2385.719970703125,1526.75,108.10478973388672,120.96,11.0,9.6,180.23180474564174
2007-10,2423.669921875,1549.3800048828125,109.5714340209961,120.84,12.1,8.9,188.16200415444982
2007-11,2322.340087890625,1481.1400146484375,105.32745361328124,120.87,10.9,8.6,193.24237826661997
2007-12,2306.22998046875,1468.3599853515625,104.141357421875,120.3,11.5,9.5,196.9139834536859
2008-01,2167.89990234375,1378.550048828125,97.84493255615234,120.22,11.4,9.5,199.08003727167633
2008-02,2097.47998046875,1330.6300048828125,95.31635284423828,120.87,11.7,8.9,200.67267756984967
2008-03,2088.419921875,1322.699951171875,94.46400451660156,120.69,11.4,9.7,201.87671363526874
2008-04,2190.1298828125,1385.5899658203125,98.96634674072266,120.39,11.3,9.7,203.69360405798628
2008-05,2218.5,1400.3800048828125,100.46238708496094,120.57,11.6,9.2,205.73054009856602
2008-06,2031.469970703125,1280.0,92.06615447998048,120.75,11.7,9.5,208.19930657974885
2008-07,2014.3900146484375,1267.3800048828125,91.23886108398438,120.19,11.4,9.2,210.0731003389667
2008-08,2043.530029296875,1282.8299560546875,92.64885711669922,119.54,7.4,8.5,211.75368514167832
2008-09,1861.43994140625,1166.3599853515625,83.92378997802734,119.81,11.7,9.6,213.02420725252844
2008-10,1548.81005859375,968.75,70.0606918334961,119.81,11.5,9.0,214.3023524960436
2008-11,1437.6800537109375,896.239990234375,65.18399810791016,120.35,11.6,9.3,215.15956190602768
2008-12,1452.97998046875,903.25,65.82256317138672,120.77,11.3,9.3,215.58988102983983
2009-01,1330.510009765625,825.8800048828125,60.41759490966797,121.47,11.4,9.1,216.23665067292936
2009-02,1188.8399658203125,735.0900268554688,53.925777435302734,150.43,11.9,7.1,217.9665438783128
2009-03,1292.97998046875,797.8699951171875,58.41836929321289,151.4,10.0,8.1,219.71027622933929
2009-04,1416.72998046875,872.8099975585938,64.2220230102539,150.72,11.4,7.0,221.46795843917394
2009-05,1495.969970703125,919.1400146484376,67.97601318359375,150.44,11.7,8.2,223.0182341482481
2009-06,1498.93994140625,919.3200073242188,67.93148803710938,150.41,10.6,6.6,223.9103070848412
2009-07,1612.31005859375,987.47998046875,72.99955749511719,150.71,8.9,7.0,224.5820380060958
2009-08,1670.52001953125,1020.6199951171876,75.69615173339844,150.8,2.8,5.4,225.0312020821078
2009-09,1732.8599853515625,1057.0799560546875,78.38011932373047,150.95,4.7,5.9,225.93132689043628
2009-10,1700.6700439453125,1036.18994140625,76.87322998046875,150.74,7.3,6.0,226.83505219799804
2009-11,1802.6800537109375,1095.6300048828125,81.60916900634766,148.72,11.1,6.7,227.96922745898814
2009-12,1837.5,1115.0999755859375,83.16796112060547,148.36,10.0,6.7,229.33704282374183
2010-01,1771.4000244140625,1073.8699951171875,80.14543914794922,148.21,10.3,8.1,232.5477614232744
2010-02,1826.27001953125,1104.489990234375,82.64554595947266,147.32,10.9,6.6,234.64069127608371
2010-03,1936.47998046875,1169.4300537109375,87.67699432373047,147.11,10.3,6.5,236.28317611501632
2010-04,1967.050048828125,1186.68994140625,89.03337097167969,146.78,9.5,5.3,237.93715834782145
2010-05,1809.97998046875,1089.4100341796875,81.95926666259766,146.5,10.0,8.2,239.3647812979085
2010-06,1715.22998046875,1030.7099609375,77.71862030029297,147.46,8.8,5.5,239.84351086050415
2010-07,1835.4000244140625,1101.5999755859375,83.02682495117188,147.69,8.6,7.5,240.32319788222514
2010-08,1752.550048828125,1049.3299560546875,79.29222869873047,147.14,9.8,6.3,240.32319788222514
2010-09,1908.949951171875,1141.199951171875,86.39324951171875,147.47,9.6,6.9,241.7651370695176
2010-10,1981.5899658203125,1183.260009765625,89.69365692138672,147.51,9.7,6.0,243.9410233031447
2010-11,1981.8399658203125,1180.550048828125,89.69365692138672,147.49,9.8,4.8,245.89255148957037
2010-12,2114.2900390625,1257.6400146484375,95.68988800048828,147.4,8.8,6.8,247.61379934999624
2011-01,2164.39990234375,1286.1199951171875,97.91947174072266,146.83,8.8,6.9,251.82323393894595
2011-02,2238.550048828125,1327.219970703125,101.3208999633789,146.0,9.1,6.9,255.60058244803056
2011-03,2239.43994140625,1325.8299560546875,101.3331069946289,145.7,8.4,6.9,256.8785853602714
2011-04,2305.760009765625,1363.6099853515625,104.267822265625,145.54,7.9,6.8,258.16297828707235
2011-05,2279.659912109375,1345.199951171875,103.09857940673828,145.34,9.3,6.6,259.45379317850734
2011-06,2241.659912109375,1320.6400146484375,101.35928344726562,146.25,7.6,5.7,260.23215455804393
2011-07,2196.080078125,1292.280029296875,99.33163452148438,146.14,7.6,5.9,261.5333153308331
2011-08,2076.780029296875,1218.8900146484375,93.87079620361328,146.41,8.3,6.4,262.317915276826
2011-09,1930.7900390625,1131.4200439453125,87.35426330566406,147.87,8.6,6.3,263.10486902265507
2011-10,2141.81005859375,1253.300048828125,96.8887176513672,147.54,8.3,6.6,263.63107876070126
2011-11,2137.080078125,1246.9599609375,96.49496459960938,147.72,8.6,6.9,265.2128652332648
2011-12,2158.93994140625,1257.5999755859375,97.50320434570312,148.4,8.4,6.4,266.0085038289656
2012-01,2255.68994140625,1312.4100341796875,102.02484893798828,148.6,8.2,6.2,266.8065293404517
2012-02,2353.22998046875,1365.6800537109375,106.4532470703125,147.65,8.4,6.4,267.8737554578139
2012-03,2430.669921875,1408.469970703125,109.8772201538086,147.77,8.0,4.6,268.67737672418883
2012-04,2415.419921875,1397.9100341796875,109.14370727539062,147.89,8.3,4.5,270.55811836125775
2012-05,2270.25,1310.3299560546875,102.5890121459961,147.91,8.6,5.1,272.4520251897844
2012-06,2363.7900390625,1362.1600341796875,106.75218200683594,149.42,8.3,5.9,273.26938126535606
2012-07,2396.6201171875,1379.3199462890625,108.0150146484375,149.93,8.0,6.0,274.0891894091502
2012-08,2450.60009765625,1406.5799560546875,110.7210693359375,149.41,7.8,5.4,274.9114569773793
2012-09,2513.929931640625,1440.6700439453125,113.52791595458984,149.86,8.3,5.0,276.5609257192418
2012-10,2467.510009765625,1412.1600341796875,111.46195220947266,150.66,8.2,5.4,278.496852199278
2012-11,2481.820068359375,1416.1800537109375,112.0927734375,150.52,8.3,6.1,280.4463301646735
2012-12,2504.43994140625,1426.18994140625,113.09424591064452,150.74,8.3,5.1,282.12900814565944
2013-01,2634.159912109375,1498.1099853515625,118.8835906982422,150.82,7.9,5.5,284.66816921897265
2013-02,2669.919921875,1514.6800537109375,120.40039825439452,150.45,7.9,5.4,286.94551457272325
2013-03,2770.050048828125,1569.18994140625,124.9721221923828,150.84,6.8,4.9,287.5194056018678
2013-04,2823.419921875,1597.5699462890625,127.37313842773438,151.24,6.9,5.1,288.3819638186752
2013-05,2889.4599609375,1630.739990234375,130.3804168701172,151.08,6.8,5.0,288.95872774631073
2013-06,2850.659912109375,1606.280029296875,128.64053344726562,151.65,6.8,5.5,289.8256039295508
2013-07,2995.719970703125,1685.72998046875,135.2882843017578,153.13,6.5,5.1,290.40525513740903
2013-08,2908.9599609375,1632.969970703125,131.23065185546875,152.81,6.7,4.9,290.9860656476841
2013-09,3000.179931640625,1681.550048828125,135.3835906982422,153.62,6.3,4.8,291.56803777897926
2013-10,3138.090087890625,1756.5400390625,141.65283203125,154.33,8.3,4.7,292.44274189231686
2013-11,3233.719970703125,1805.81005859375,145.85110473632812,153.68,8.3,4.7,293.90495560177754
2013-12,3315.590087890625,1848.3599853515625,149.6324920654297,153.61,8.1,4.5,295.9622902909914
2014-01,3200.949951171875,1782.5899658203125,144.35821533203125,155.54,7.9,4.6,297.73806403273716
2014-02,3347.3798828125,1859.449951171875,150.9288330078125,184.06,8.2,3.8,302.79961112129246
2014-03,3375.510009765625,1872.3399658203125,152.1807861328125,182.04,7.5,4.3,305.82760723250703
2014-04,3400.4599609375,1883.949951171875,153.23867797851562,182.05,8.9,4.2,307.6625728759006
2014-05,3480.2900390625,1923.5699462890625,156.79483032226562,183.5,8.9,4.6,309.50854831315695
2014-06,3552.179931640625,1960.22998046875,160.03182983398438,183.51,8.0,4.0,310.43707395809645
2014-07,3503.18994140625,1930.6700439453125,157.8813934326172,183.53,8.4,4.0,310.74751103205494
2014-08,3643.330078125,2003.3699951171875,164.11192321777344,182.0,8.5,3.8,311.99050107618234
2014-09,3592.25,1972.2900390625,161.8478546142578,181.9,8.6,4.1,313.55045358156445
2014-10,3679.989990234375,2018.050048828125,165.65945434570312,180.87,8.4,4.0,314.8046553958904
2014-11,3778.9599609375,2067.56005859375,170.21043395996094,180.87,8.2,3.8,316.69348332826485
2014-12,3769.43994140625,2058.89990234375,169.7786865234375,182.35,8.1,3.9,318.27695074490686
2015-01,3656.280029296875,1994.989990234375,164.74827575683594,184.45,8.6,4.0,320.18661244937596
2015-02,3866.419921875,2104.5,174.00791931152344,185.05,7.4,3.9,321.4673588991722
2015-03,3805.27001953125,2067.889892578125,171.2750244140625,185.65,8.2,3.5,321.78882625807313
2015-04,3841.780029296875,2085.510009765625,172.95933532714844,185.8,8.2,3.3,322.1106150843304
2015-05,3891.179931640625,2107.389892578125,175.18292236328125,185.95,8.1,3.6,323.0769469295831
2015-06,3815.85009765625,2063.110107421875,171.6245880126953,186.2,7.9,3.7,322.75386998265265
2015-07,3895.800048828125,2103.840087890625,175.5014190673828,187.45,7.7,3.4,323.076623852636
2015-08,3660.75,1972.1800537109375,164.8046112060547,237.66,8.5,3.4,324.0458537241951
2015-09,3570.169921875,1920.030029296875,160.5994415283203,270.4,8.9,3.4,327.28631226143636
2015-10,3871.330078125,2079.360107421875,174.25999450683594,279.18,8.6,3.2,344.30520049903197
2015-11,3882.840087890625,2080.409912109375,174.89694213867188,307.2,8.5,3.2,357.04449291749484
2015-12,3821.60009765625,2043.93994140625,171.87423706054688,339.47,8.5,2.9,361.3290268325043
2016-01,3631.9599609375,1940.239990234375,163.31729125976562,365.23,9.0,3.4,366.02630418132895
2016-02,3627.06005859375,1932.22998046875,163.18231201171875,349.82,11.5,3.0,370.05259352732185
2016-03,3873.110107421875,2059.739990234375,174.158935546875,343.06,12.1,2.9,371.90285649495826
2016-04,3888.1298828125,2065.300048828125,174.8453826904297,327.66,12.1,2.9,374.13427363393
2016-05,3957.949951171875,2096.949951171875,177.8197479248047,336.73,12.3,3.0,376.0049450020989
2016-06,3968.2099609375,2098.860107421875,178.4378204345703,338.87,11.6,2.9,377.50896478210694
2016-07,4114.509765625,2173.60009765625,184.9456787109375,352.25,12.1,2.8,379.39650960601654
2016-08,4120.2900390625,2170.949951171875,185.16717529296875,338.98,12.5,2.9,380.1553026252295
2016-09,4121.06005859375,2168.27001953125,185.1779022216797,334.93,12.1,2.6,380.91561323047955
2016-10,4045.889892578125,2126.14990234375,181.9674530029297,333.5,12.2,2.8,383.20110690986354
2016-11,4195.72998046875,2198.81005859375,188.67083740234375,340.3,12.7,2.7,387.79952019277977
2016-12,4278.66015625,2238.830078125,192.4955596923828,333.29,12.2,2.6,391.2897158745158
2017-01,4359.81005859375,2278.8701171875,195.9402008056641,326.25,12.5,2.4,394.42003360151193
2017-02,4532.93017578125,2363.639892578125,203.6389923095703,312.47,12.1,2.5,398.36423393752665
2017-03,4538.2099609375,2362.719970703125,203.8935546875,314.79,12.3,2.5,400.3560551072141
2017-04,4584.81982421875,2384.199951171875,205.9174041748047,314.4,12.3,2.6,402.35783538275064
2017-05,4649.33984375,2411.800048828125,208.8235321044922,311.23,12.4,2.3,404.36962455966403
2017-06,4678.35986328125,2423.409912109375,210.1547393798828,321.46,12.4,2.2,405.9871030579032
2017-07,4774.56005859375,2470.300048828125,214.4743499755859,326.74,12.1,2.2,406.39309016096126
2017-08,4789.18017578125,2471.64990234375,215.10008239746097,334.7,12.2,2.1,406.79948325112287
2017-09,4887.97021484375,2519.360107421875,219.4342498779297,341.19,12.1,2.0,408.0198817008751
2017-10,5002.02978515625,2575.260009765625,224.60494995117188,334.0,11.9,2.1,412.9161202812862
2017-11,5155.43994140625,2647.580078125,231.47035217285156,331.61,11.7,2.0,416.6323653638166
2017-12,5212.759765625,2673.610107421875,234.27748107910156,332.33,11.7,2.1,419.5487919213635
2018-01,5511.2099609375,2823.81005859375,247.4811859130859,322.43,11.9,2.1,422.06608467289357
2018-02,5308.08984375,2713.830078125,238.48260498046875,318.68,11.5,1.8,425.02054726560334
2018-03,5173.18994140625,2640.8701171875,231.9457092285156,318.31,11.6,1.8,427.14565000193056
2018-04,5193.0400390625,2648.050048828125,233.14447021484375,327.25,11.6,1.7,428.8542326019397
2018-05,5318.10009765625,2705.27001953125,238.8119659423828,330.67,11.4,1.8,429.7119410671433
2018-06,5350.830078125,2718.3701171875,240.18540954589844,341.08,11.2,1.8,430.57136494927784
2018-07,5549.9599609375,2816.2900390625,249.0833740234375,347.06,11.3,1.6,431.0019363142253
2018-08,5730.7998046875,2901.52001953125,257.03411865234375,363.43,11.2,1.8,431.86394018685456
2018-09,5763.419921875,2913.97998046875,258.5622863769531,363.07,10.8,1.7,433.5913959476013
2018-10,5369.490234375,2711.739990234375,240.6945953369141,368.55,10.7,1.6,435.32576153139144
2018-11,5478.91015625,2760.169921875,245.15928649902344,371.28,10.6,1.5,439.24369338517533
2018-12,4984.22021484375,2506.85009765625,223.57334899902344,384.2,10.4,1.4,442.318399238872
2019-01,5383.6298828125,2704.10009765625,241.4738922119141,380.51,10.2,1.5,444.52999123506646
2019-02,5556.490234375,2784.489990234375,249.3014678955078,377.26,9.5,1.2,445.86358120876986
2019-03,5664.4599609375,2834.39990234375,253.81393432617188,380.04,9.4,1.1,448.0928991148147
2019-04,5893.81005859375,2945.830078125,264.182861328125,381.94,9.9,1.0,450.3333636103897
2019-05,5519.27001953125,2752.06005859375,247.3355712890625,381.37,9.3,1.2,453.03536379205013
2019-06,5908.25,2941.760009765625,264.54681396484375,380.53,9.4,1.2,453.941434519635
2019-07,5993.169921875,2980.3798828125,268.5466003417969,384.56,9.7,1.2,454.84931738867385
2019-08,5898.22998046875,2926.4599609375,264.05023193359375,387.46,9.4,1.1,455.7590160234516
2019-09,6008.58984375,2976.739990234375,269.1880798339844,387.63,9.3,1.1,457.12629307152196
2019-10,6138.72998046875,3037.56005859375,275.1384582519531,388.54,9.2,1.1,459.8690508299522
2019-11,6361.56005859375,3140.97998046875,285.09796142578125,386.35,9.1,1.3,463.0881341857604
2019-12,6553.56982421875,3230.780029296875,293.3816223144531,381.18,9.0,1.4,466.32975112506097
2020-01,6551.0,3225.52001953125,293.26312255859375,378.8,9.3,1.3,470.3327834961774
2020-02,6011.72998046875,2954.219970703125,270.0467224121094,381.1,8.9,1.4,473.15478004040443
2020-03,5269.2001953125,2584.590087890625,236.32562255859375,448.01,9.1,1.1,477.4131730593243
2020-04,5944.68017578125,2912.429931640625,266.33514404296875,429.41,10.0,1.2,481.7098915384823
2020-05,6227.81005859375,3044.31005859375,279.0247497558594,411.54,10.3,1.1,484.1184411091722
2020-06,6351.669921875,3100.2900390625,283.9731140136719,403.83,9.9,1.1,486.05479019781603
2020-07,6709.81005859375,3271.1201171875,300.6968994140625,418.0,10.0,1.1,487.5141254024214
2020-08,7192.10986328125,3500.31005859375,321.6844787597656,420.11,9.8,1.4,488.0021732550321
2020-09,6918.830078125,3363.0,309.6394958496094,429.51,9.8,1.1,489.46631681286294
2020-10,6734.83984375,3269.9599609375,301.9190673828125,432.64,9.5,1.0,492.40181645836856
2020-11,7472.06005859375,3621.6298828125,334.7608337402344,423.87,9.3,1.0,496.8327139576874
2020-12,7759.35009765625,3756.070068359375,347.1632080078125,420.71,9.2,1.0,501.3044824594404
2021-01,7681.009765625,3714.239990234375,343.62548828125,424.22,9.4,1.0,504.31210740336263
2021-02,7892.81005859375,3811.14990234375,353.1800842285156,417.02,8.9,0.9,507.84384284910084
2021-03,8238.48046875,3972.889892578125,369.2142333984375,424.34,9.4,1.3,510.88993461884417
2021-04,8678.16015625,4181.169921875,388.74957275390625,427.75,9.0,0.9,513.1764385679066
2021-05,8738.76953125,4204.10986328125,391.3021545410156,427.9,8.6,0.9,517.1433682071615
2021-06,8942.7802734375,4297.5,400.0780334472656,427.79,8.6,0.9,522.5528175185284
2021-07,9155.2099609375,4395.259765625,409.844970703125,424.44,8.5,0.9,526.159117299858
2021-08,9433.580078125,4522.68017578125,422.04193115234375,425.74,8.3,1.0,531.1234850009698
2021-09,8994.830078125,4307.5400390625,402.3723449707031,425.67,8.3,0.9,533.2463729509965
2021-10,9625.01953125,4605.3798828125,430.6042785644531,427.11,8.4,0.9,536.9800592322971
2021-11,9558.330078125,4567.0,427.1443786621094,433.74,8.4,0.9,540.7401914563532
2021-12,9986.7001953125,4766.18017578125,446.89892578125,431.67,8.0,0.8,543.9834257084298
2022-01,9469.919921875,4515.5498046875,423.3289489746094,433.83,8.5,0.8,547.7916414647615
2022-02,9186.3701171875,4373.93994140625,410.8335266113281,467.09,8.5,0.8,552.1744554318045
2022-03,9527.4599609375,4530.41015625,426.2768859863281,458.2,10.0,0.8,572.6051482962647
2022-04,8696.650390625,4131.93017578125,388.8629760742187,446.38,10.6,0.8,584.0562415080119
2022-05,8712.599609375,4132.14990234375,389.74078369140625,427.39,11.0,0.8,592.2328461717017
2022-06,7993.43017578125,3785.3798828125,357.6025695800781,465.08,11.4,0.8,601.7077062068689
2022-07,8730.4599609375,4130.2900390625,390.5332336425781,477.09,11.8,0.8,608.3264044247849
2022-08,8374.419921875,3955.0,374.5987854003906,468.1,12.1,0.9,616.8444021676412
2022-09,7603.14013671875,3585.6201171875,339.9686279296875,476.89,12.2,0.8,627.9468897703806
2022-10,8218.7001953125,3871.97998046875,367.5997924804687,467.0,12.6,0.9,637.9939438396433
2022-11,8678.0,4080.110107421875,388.03515625,468.43,13.1,0.8,646.925459960079
2022-12,8178.02001953125,3839.5,365.6734313964844,462.65,13.3,0.9,654.6885462461868
2023-01,8691.8798828125,4076.60009765625,388.6696166992187,459.92,13.8,0.8,661.8914593812711
2023-02,8479.7998046875,3970.14990234375,378.8974609375,449.14,13.5,0.9,670.496007482223
2023-03,8791.1298828125,4109.31005859375,392.9461364746094,448.05,13.5,0.8,676.5304907829767
2023-04,8928.349609375,4169.47998046875,399.2234191894531,453.39,13.9,0.8,682.6178659692341
2023-05,8967.16015625,4179.830078125,401.06634521484375,447.08,13.9,0.8,686.7145829192276
2023-06,9559.669921875,4450.3798828125,427.0553588867187,454.13,14.0,0.8,690.1477471237985
2023-07,9866.76953125,4588.9599609375,441.0342712402344,444.29,13.9,0.9,694.2901434294569
2023-08,9709.6796875,4507.66015625,433.8665771484375,461.44,14.0,0.9,699.1489843660376
2023-09,9246.740234375,4288.0498046875,413.2863159179687,474.47,14.0,0.9,703.3442725571995
2023-10,9052.3095703125,4193.7998046875,404.3144836425781,471.87,14.0,0.9,708.2680262623556
2023-11,9879.01953125,4567.7998046875,441.2460632324219,459.06,13.9,0.9,715.3507305667463
2023-12,10327.830078125,4769.830078125,461.3912963867187,454.56,13.7,0.9,721.0726709076973
2024-01,10501.3798828125,4845.64990234375,468.7396545410156,448.17,14.0,0.9,726.8412522749588
2024-02,11062.1103515625,5096.27001953125,493.20172119140625,451.31,13.6,0.9,734.8365060499834
2024-03,11418.0302734375,5254.35009765625,509.3303527832031,446.78,13.8,0.9,739.980361592334
2024-04,10951.66015625,5035.68994140625,488.7943420410156,441.44,13.7,0.9,744.420243761888
2024-05,11494.7001953125,5277.509765625,513.5174560546875,444.79,13.6,0.9,747.3979247369354
2024-06,11907.150390625,5460.47998046875,531.6343994140625,471.46,13.6,0.9,750.3875164358819
2024-07,12052.08984375,5522.2998046875,538.072021484375,475.37,13.5,0.9,755.6402290509333
2024-08,12344.4296875,5648.39990234375,550.6443481445312,481.63,13.5,0.9,760.1740704252401
2024-09,12608.0703125,5762.47998046875,562.21044921875,479.23,13.4,0.9,763.2147667069418
2024-10,12493.740234375,5705.4501953125,557.1934814453125,488.45,13.3,0.9,770.0836996073027
2024-11,13227.1298828125,6032.3798828125,590.4208374023438,511.22,13.2,0.9,777.0144529037685
2024-12,12911.8203125,5881.6298828125,576.2152709960938,523.54,13.2,0.9,784.0075829799022
2025-01,13271.3798828125,6040.52978515625,591.6903076171875,519.28,13.5,0.9,792.631666392682
2025-02,13098.2197265625,5954.5,584.1788940429688,501.49,13.3,0.9,804.5211413885717
2025-03,12360.2099609375,5611.85009765625,551.6289672851562,503.42,13.6,0.9,814.9799162266243
2025-04,12276.3896484375,5569.06005859375,546.84619140625,512.32,14.0,0.9,824.7596752213433
2025-05,13049.1298828125,5911.68994140625,581.2127685546875,510.81,14.2,0.9,832.1825122983357
2025-06,13712.7099609375,6204.9501953125,611.0790405273438,520.39,14.2,0.9,838.9332433753161
2025-07,14020.4599609375,6339.39013671875,625.1531372070312,546.36,14.2,0.9,844.8057760789434
2025-08,14304.6796875,6460.259765625,637.98095703125,538.54,14.3,0.9,852.9153070171193
2025-09,14826.7998046875,6688.4599609375,660.7061157226562,548.79,14.4,0.9,861.669471612137
2025-10,15173.9501953125,6840.2001953125,676.4556274414062,530.07,14.6,0.6,867.1142457578228
2025-11,15211.1396484375,6849.08984375,677.7747192382812,512.53,14.8,0.9,873.364245063836
2025-12,15220.4501953125,6845.5,678.3152465820312,502.57,14.7,0.9,880.4405156864302
2026-01,15441.150390625,6939.02978515625,688.3120727539062,501.02,15.3,0.9,889.3327296925892
2026-02,15323.7998046875,6878.8798828125,682.3637084960938,497.56,15.1,0.8,898.6501149310346
2026-03,14560.75,6528.52001953125,648.6688842773438,481.54,15.0,0.8,904.627707011553
2026-04,16088.5595703125,7209.009765625,716.8132934570312,461.55,14.8,0.9,912.1842007948057
2026-05,16935.349609375,7580.06005859375,754.5361328125,485.95,14.8,0.8,918.7294935773627
2026-06,16774.0703125,7499.35986328125,746.77001953125,485.82,14.7,0.9,925.3433674429737
2026-07,16763.419921875,7489.72021484375,747.030029296875,474.63,14.7,0.9,930.9759652389957
2026-08,17219.939453125,7686.14013671875,767.0499877929688,464.77,14.7,0.9,936.5010071047969
