date,usdkzt
1996-01-31,
1996-02-29,
1996-03-31,
1996-04-30,
1996-05-31,
1996-06-30,
1996-07-31,
1996-08-31,
1996-09-30,
1996-10-31,
1996-11-30,
1996-12-31,
1997-01-31,
1997-02-28,
1997-03-31,
1997-04-30,
1997-05-31,
1997-06-30,
1997-07-31,
1997-08-31,
1997-09-30,
1997-10-31,
1997-11-30,
1997-12-31,
1998-01-31,
1998-02-28,
1998-03-31,
1998-04-30,
1998-05-31,
1998-06-30,
1998-07-31,
1998-08-31,
1998-09-30,
1998-10-31,
1998-11-30,
1998-12-31,
1999-01-31,
1999-02-28,
1999-03-31,
1999-04-30,
1999-05-31,
1999-06-30,
1999-07-31,
1999-08-31,
1999-09-30,
1999-10-31,140.8
1999-11-30,138.0
1999-12-31,138.2
2000-01-31,139.45
2000-02-29,140.15
2000-03-31,141.8
2000-04-30,142.15
2000-05-31,142.35
2000-06-30,142.6
2000-07-31,142.7
2000-08-31,142.65
2000-09-30,142.75
2000-10-31,142.65
2000-11-30,144.1
2000-12-31,144.5
2001-01-31,145.1
2001-02-28,145.3
2001-03-31,145.45
2001-04-30,145.65
2001-05-31,146.1
2001-06-30,146.5
2001-07-31,146.8
2001-08-31,147.15
2001-09-30,147.7
2001-10-31,148.1
2001-11-30,148.55
2001-12-31,150.2
2002-01-31,151.3
2002-02-28,151.9
2002-03-31,152.2
2002-04-30,152.8
2002-05-31,152.9
2002-06-30,153.1
2002-07-31,153.85
2002-08-31,154.15
2002-09-30,154.55
2002-10-31,154.35
2002-11-30,154.2
2002-12-31,155.6
2003-01-31,155.2
2003-02-28,152.6
2003-03-31,152.28
2003-04-30,151.96
2003-05-31,150.8
2003-06-30,148.0
2003-07-31,146.76
2003-08-31,147.47
2003-09-30,148.93
2003-10-31,148.03
2003-11-30,146.63
2003-12-31,144.22
2004-01-31,139.41
2004-02-29,139.15
2004-03-31,138.88
2004-04-30,138.5
2004-05-31,137.34
2004-06-30,136.45
2004-07-31,136.29
2004-08-31,136.61
2004-09-30,134.56
2004-10-31,132.0
2004-11-30,130.02
2004-12-31,130.0
2005-01-31,130.37
2005-02-28,130.15
2005-03-31,132.59
2005-04-30,131.61
2005-05-31,132.49
2005-06-30,135.26
2005-07-31,135.84
2005-08-31,135.25
2005-09-30,133.89
2005-10-31,134.0
2005-11-30,134.07
2005-12-31,133.77
2006-01-31,132.17
2006-02-28,130.3
2006-03-31,128.45
2006-04-30,124.42
2006-05-31,121.48
2006-06-30,118.69
2006-07-31,118.41
2006-08-31,125.24
2006-09-30,127.22
2006-10-31,127.82
2006-11-30,127.98
2006-12-31,127.0
2007-01-31,126.24
2007-02-28,123.71
2007-03-31,123.84
2007-04-30,120.02
2007-05-31,121.62
2007-06-30,122.31
2007-07-31,123.61
2007-08-31,126.25
2007-09-30,120.96
2007-10-31,120.84
2007-11-30,120.87
2007-12-31,120.3
2008-01-31,120.22
2008-02-29,120.87
2008-03-31,120.69
2008-04-30,120.39
2008-05-31,120.57
2008-06-30,120.75
2008-07-31,120.19
2008-08-31,119.54
2008-09-30,119.81
2008-10-31,119.81
2008-11-30,120.35
2008-12-31,120.77
2009-01-31,121.47
2009-02-28,150.43
2009-03-31,151.4
2009-04-30,150.72
2009-05-31,150.44
2009-06-30,150.41
2009-07-31,150.71
2009-08-31,150.8
2009-09-30,150.95
2009-10-31,150.74
2009-11-30,148.72
2009-12-31,148.36
2010-01-31,148.21
2010-02-28,147.32
2010-03-31,147.11
2010-04-30,146.78
2010-05-31,146.5
2010-06-30,147.46
2010-07-31,147.69
2010-08-31,147.14
2010-09-30,147.47
2010-10-31,147.51
2010-11-30,147.49
2010-12-31,147.4
2011-01-31,146.83
2011-02-28,146.0
2011-03-31,145.7
2011-04-30,145.54
2011-05-31,145.34
2011-06-30,146.25
2011-07-31,146.14
2011-08-31,146.41
2011-09-30,147.87
2011-10-31,147.54
2011-11-30,147.72
2011-12-31,148.4
2012-01-31,148.6
2012-02-29,147.65
2012-03-31,147.77
2012-04-30,147.89
2012-05-31,147.91
2012-06-30,149.42
2012-07-31,149.93
2012-08-31,149.41
2012-09-30,149.86
2012-10-31,150.66
2012-11-30,150.52
2012-12-31,150.74
2013-01-31,150.82
2013-02-28,150.45
2013-03-31,150.84
2013-04-30,151.24
2013-05-31,151.08
2013-06-30,151.65
2013-07-31,153.13
2013-08-31,152.81
2013-09-30,153.62
2013-10-31,154.33
2013-11-30,153.68
2013-12-31,153.61
2014-01-31,155.54
2014-02-28,184.06
2014-03-31,182.04
2014-04-30,182.05
2014-05-31,183.5
2014-06-30,183.51
2014-07-31,183.53
2014-08-31,182.0
2014-09-30,181.9
2014-10-31,180.87
2014-11-30,180.87
2014-12-31,182.35
2015-01-31,184.45
2015-02-28,185.05
2015-03-31,185.65
2015-04-30,185.8
2015-05-31,185.95
2015-06-30,186.2
2015-07-31,187.45
2015-08-31,237.66
2015-09-30,270.4
2015-10-31,279.18
2015-11-30,307.2
2015-12-31,339.47
2016-01-31,365.23
2016-02-29,349.82
2016-03-31,343.06
2016-04-30,327.66
2016-05-31,336.73
2016-06-30,338.87
2016-07-31,352.25
2016-08-31,338.98
2016-09-30,334.93
2016-10-31,333.5
2016-11-30,340.3
2016-12-31,333.29
2017-01-31,326.25
2017-02-28,312.47
2017-03-31,314.79
2017-04-30,314.4
2017-05-31,311.23
2017-06-30,321.46
2017-07-31,326.74
2017-08-31,334.7
2017-09-30,341.19
2017-10-31,334.0
2017-11-30,331.61
2017-12-31,332.33
2018-01-31,322.43
2018-02-28,318.68
2018-03-31,318.31
2018-04-30,327.25
2018-05-31,330.67
2018-06-30,341.08
2018-07-31,347.06
2018-08-31,363.43
2018-09-30,363.07
2018-10-31,368.55
2018-11-30,371.28
2018-12-31,384.2
2019-01-31,380.51
2019-02-28,377.26
2019-03-31,380.04
2019-04-30,381.94
2019-05-31,381.37
2019-06-30,380.53
2019-07-31,384.56
2019-08-31,387.46
2019-09-30,387.63
2019-10-31,388.54
2019-11-30,386.35
2019-12-31,381.18
2020-01-31,378.8
2020-02-29,381.1
2020-03-31,448.01
2020-04-30,429.41
2020-05-31,411.54
2020-06-30,403.83
2020-07-31,418.0
2020-08-31,420.11
2020-09-30,429.51
2020-10-31,432.64
2020-11-30,423.87
2020-12-31,420.71
2021-01-31,424.22
2021-02-28,417.02
2021-03-31,424.34
2021-04-30,427.75
2021-05-31,427.9
2021-06-30,427.79
2021-07-31,424.44
2021-08-31,425.74
2021-09-30,425.67
2021-10-31,427.11
2021-11-30,433.74
2021-12-31,431.67
2022-01-31,433.83
2022-02-28,467.09
2022-03-31,458.2
2022-04-30,446.38
2022-05-31,427.39
2022-06-30,465.08
2022-07-31,477.09
2022-08-31,468.1
2022-09-30,476.89
2022-10-31,467.0
2022-11-30,468.43
2022-12-31,462.65
2023-01-31,459.92
2023-02-28,449.14
2023-03-31,448.05
2023-04-30,453.39
2023-05-31,447.08
2023-06-30,454.13
2023-07-31,444.29
2023-08-31,461.44
2023-09-30,474.47
2023-10-31,471.87
2023-11-30,459.06
2023-12-31,454.56
2024-01-31,448.17
2024-02-29,451.31
2024-03-31,446.78
2024-04-30,441.44
2024-05-31,444.79
2024-06-30,471.46
2024-07-31,475.37
2024-08-31,481.63
2024-09-30,479.23
2024-10-31,488.45
2024-11-30,511.22
2024-12-31,523.54
2025-01-31,519.28
2025-02-28,501.49
2025-03-31,503.42
2025-04-30,512.32
2025-05-31,510.81
2025-06-30,520.39
2025-07-31,546.36
2025-08-31,538.54
2025-09-30,548.79
2025-10-31,530.07
2025-11-30,512.53
2025-12-31,502.57
2026-01-31,501.02
2026-02-28,497.56
2026-03-31,481.54
2026-04-30,461.55
2026-05-31,485.95
2026-06-30,485.82
2026-07-31,474.63
2026-08-31,464.77
2026-09-14,450.91
